{"2_223": [-3.475344181060791, 8.279370307922363], "2_370": [1.089921474456787, 5.239863395690918], "2_556": [3.3089442253112793, 6.709292411804199], "2_484": [2.305464267730713, 7.519434452056885], "2_498": [3.1949453353881836, 6.5727667808532715], "2_494": [-2.5033087730407715, 8.56972599029541], "2_477": [-2.40144944190979, 7.953127384185791], "2_35": [3.4659886360168457, 6.192897796630859], "2_279": [5.001701831817627, 8.413568496704102], "2_377": [-2.333709716796875, 7.566619396209717], "2_595": [4.82667350769043, 4.040340423583984], "2_464": [3.6173205375671387, 8.198196411132812], "2_408": [0.38527044653892517, 8.258939743041992], "2_574": [3.917799472808838, 5.972565174102783], "2_409": [6.593503475189209, 1.405376672744751], "2_549": [2.663426399230957, 7.177919864654541], "2_598": [3.7905447483062744, 5.783593654632568], "2_73": [2.2908403873443604, 8.596896171569824], "2_374": [2.820885181427002, 6.638688087463379], "2_297": [2.722414493560791, 7.791918754577637], "2_286": [-2.7650420665740967, 7.059423923492432], "2_509": [-0.9006405472755432, 7.783644676208496], "2_508": [3.427366018295288, 5.4836931228637695], "2_472": [-0.6845082640647888, 7.441210746765137], "2_227": [3.308873414993286, 8.680644035339355], "2_226": [-1.6447745561599731, 8.290310859680176], "2_478": [0.20301347970962524, 7.178267478942871], "2_372": [5.810000419616699, 4.7660369873046875], "2_241": [4.0612311363220215, 7.221573352813721], "2_109": [-2.7908453941345215, 10.00770092010498], "2_389": [-0.0937899500131607, 6.116960525512695], "2_449": [0.31997740268707275, 7.421230316162109], "2_50": [4.567037582397461, 6.59746789932251], "2_84": [-1.2736434936523438, 6.799539566040039], "2_322": [3.34455943107605, 6.755209445953369], "2_416": [-3.1646909713745117, 7.3654680252075195], "2_124": [2.4823827743530273, 7.015444755554199], "2_206": [-1.2336121797561646, 8.043831825256348], "2_204": [4.745075225830078, 4.9226837158203125], "2_380": [-1.819715976715088, 7.5462541580200195], "2_622": [-2.839937686920166, 8.720688819885254], "2_583": [-0.36577656865119934, 6.762744903564453], "2_456": [-0.8617164492607117, 7.463198184967041], "2_461": [2.7041728496551514, 9.176279067993164], "2_152": [0.9600017070770264, 6.741387844085693], "2_15": [0.5479715466499329, 7.161382675170898], "2_421": [3.57443904876709, 6.202791690826416], "2_586": [-1.7800534963607788, 8.281214714050293], "2_160": [-0.2763228416442871, 8.330698013305664], "2_39": [2.74127197265625, 6.013510227203369], "2_66": [-2.845930576324463, 7.261831760406494], "2_310": [-0.8050642013549805, 8.11729621887207], "2_345": [0.6700491905212402, 6.840465068817139], "2_581": [0.2328871190547943, 7.851243495941162], "2_518": [0.8850200176239014, 7.2407379150390625], "2_450": [-1.8916690349578857, 7.420219421386719], "2_567": [-0.9167537689208984, 9.634634971618652], "2_115": [4.203416347503662, 7.60774564743042], "2_183": [0.11299551278352737, 9.060774803161621], "2_104": [-1.4914462566375732, 9.073929786682129], "2_288": [-1.1298226118087769, 7.131319046020508], "2_420": [1.0972999334335327, 6.794626235961914], "2_49": [6.4516072273254395, 3.128225088119507], "2_433": [1.755671739578247, 7.9515838623046875], "2_428": [1.1543937921524048, 5.448966979980469], "2_1": [-0.48604080080986023, 8.174748420715332], "2_168": [4.071417808532715, 9.295195579528809], "2_155": [3.9729902744293213, 6.019043922424316], "2_2": [-0.3050522804260254, 10.54293441772461], "2_120": [0.565288245677948, 10.158729553222656], "2_487": [-3.4424808025360107, 9.781102180480957], "2_280": [-1.5326423645019531, 7.757480621337891], "2_447": [3.566891670227051, 8.7854642868042], "2_148": [2.2866873741149902, 7.366692543029785], "2_532": [3.928417205810547, 8.473499298095703], "2_443": [-1.7266449928283691, 7.823537826538086], "2_475": [-3.582580089569092, 8.48173999786377], "2_92": [0.45357295870780945, 8.080535888671875], "2_258": [-1.0514856576919556, 8.287972450256348], "2_376": [-1.163040041923523, 8.821014404296875], "2_114": [-3.2971887588500977, 8.023280143737793], "2_246": [5.6865315437316895, 5.4900617599487305], "2_268": [-0.11112021654844284, 8.612030029296875], "2_221": [-0.17883601784706116, 8.489607810974121], "2_369": [2.8481903076171875, 6.31379508972168], "2_103": [-0.07676748931407928, 8.709887504577637], "2_457": [-0.8960292935371399, 8.594388008117676], "2_112": [-0.6026020050048828, 6.470519542694092], "2_174": [-1.99913489818573, 9.863712310791016], "2_490": [-1.5351169109344482, 8.103668212890625], "2_430": [3.9075095653533936, 10.91866397857666], "2_434": [2.9416298866271973, 9.072600364685059], "2_541": [1.8135006427764893, 5.707729816436768], "2_392": [-0.5633509755134583, 8.71185302734375], "2_187": [-1.5544519424438477, 8.156174659729004], "2_113": [1.236311435699463, 9.524255752563477], "2_323": [0.36298108100891113, 9.85137939453125], "2_137": [1.7213109731674194, 6.72715950012207], "2_294": [0.5349690914154053, 8.184296607971191], "2_359": [1.217627763748169, 7.563243389129639], "2_141": [1.8545094728469849, 6.538358211517334], "2_283": [-3.3588783740997314, 8.578093528747559], "2_24": [0.7439888715744019, 7.0034332275390625], "2_197": [-3.5883383750915527, 8.092300415039062], "2_493": [-1.7309433221817017, 11.018415451049805], "2_573": [-3.456245183944702, 7.147030353546143], "2_440": [-0.8601862788200378, 8.181550979614258], "2_105": [-2.931809425354004, 7.809299468994141], "2_3": [-1.2230318784713745, 8.779770851135254], "2_71": [1.8150171041488647, 5.795834541320801], "2_20": [4.937440872192383, 5.636333465576172], "2_463": [4.937861919403076, 4.29858922958374], "2_602": [5.271913528442383, 6.172975540161133], "2_88": [2.512376308441162, 6.7200422286987305], "2_172": [4.32318115234375, 4.785153388977051], "2_86": [3.7222421169281006, 6.60739278793335], "2_154": [2.903529167175293, 7.445809841156006], "2_557": [5.926772594451904, -1.1580086946487427], "2_163": [1.8110945224761963, 7.159501552581787], "2_87": [5.557326316833496, 2.0939483642578125], "2_240": [5.397453308105469, -0.6681438088417053], "2_267": [4.635786056518555, 6.539092540740967], "2_278": [6.304274082183838, 2.4940617084503174], "2_284": [2.4549126625061035, 5.380199909210205], "2_340": [3.6240644454956055, 4.131933689117432], "2_536": [-0.6706745028495789, 7.0869035720825195], "2_588": [2.9115712642669678, 6.934446334838867], "2_448": [1.521102786064148, 4.64527702331543], "2_79": [4.373128414154053, 6.103228569030762], "2_191": [4.53240442276001, 5.465590000152588], "2_99": [3.5736069679260254, 6.053042888641357], "2_208": [5.37298583984375, 6.307800769805908], "2_119": [5.995172023773193, 2.379725933074951], "2_406": [6.071842670440674, 3.709582567214966], "2_423": [0.8708786964416504, 6.456634998321533], "2_55": [6.661874771118164, 1.2717535495758057], "2_77": [1.0860744714736938, 6.600805759429932], "2_147": [2.0179693698883057, 6.60331916809082], "2_559": [3.659418821334839, 9.18870735168457], "2_444": [6.679937362670898, 4.209967613220215], "2_299": [-2.0373504161834717, 9.061403274536133], "2_313": [0.2594935894012451, 6.392341613769531], "2_125": [4.977835178375244, 4.935917377471924], "2_552": [4.156594276428223, 7.433645248413086], "2_181": [6.160762786865234, 3.6232798099517822], "2_107": [4.1475934982299805, 5.424145698547363], "2_347": [3.50410532951355, 3.6106748580932617], "2_495": [1.958823561668396, 7.386160850524902], "2_525": [6.325277805328369, 6.985384464263916], "2_186": [-1.1057887077331543, 8.201995849609375], "2_506": [4.917884349822998, 7.08366060256958], "2_486": [5.486795425415039, 3.0673811435699463], "2_149": [5.037594795227051, 5.9277167320251465], "2_150": [1.6277438402175903, 5.336026191711426], "2_12": [6.893243789672852, 1.8063244819641113], "2_611": [0.08168624341487885, 8.056099891662598], "2_429": [4.230679988861084, 7.486285209655762], "2_127": [6.754997253417969, 6.747425079345703], "2_36": [3.7670068740844727, 5.796401500701904], "2_173": [6.83621072769165, 6.21799373626709],