{"2_223": [-4.000356674194336, 7.956435203552246], "2_370": [5.635054111480713, 6.090876579284668], "2_556": [5.817660808563232, 7.764009475708008], "2_484": [2.545665740966797, 8.41683578491211], "2_498": [5.247752666473389, 7.239449501037598], "2_494": [-3.7632529735565186, 8.00489330291748], "2_477": [-0.30319708585739136, 6.560941219329834], "2_35": [7.631039619445801, 1.4968209266662598], "2_279": [0.8700167536735535, 10.390748977661133], "2_377": [-3.9913229942321777, 7.22721004486084], "2_595": [4.447598457336426, 6.992146968841553], "2_464": [4.428852081298828, 10.196393966674805], "2_408": [2.2816317081451416, 6.173858165740967], "2_574": [4.294106960296631, 6.017396450042725], "2_409": [6.753313064575195, 1.187753438949585], "2_549": [1.656924843788147, 8.37585735321045], "2_598": [6.168818950653076, 6.007117748260498], "2_73": [2.0856618881225586, 9.073777198791504], "2_374": [3.053694009780884, 7.5827317237854], "2_297": [3.547633647918701, 8.895307540893555], "2_286": [-4.28186559677124, 8.095426559448242], "2_509": [-0.18216533958911896, 8.3291015625], "2_508": [3.880112886428833, 5.798694610595703], "2_472": [-1.5433653593063354, 9.420599937438965], "2_227": [2.8108596801757812, 8.311989784240723], "2_226": [-1.4519593715667725, 9.722555160522461], "2_478": [-0.1580590158700943, 7.52110481262207], "2_372": [6.378884792327881, 2.5193276405334473], "2_241": [4.69389533996582, 5.341726779937744], "2_109": [-5.349206447601318, 10.213892936706543], "2_389": [-0.589529275894165, 6.835474967956543], "2_449": [2.5688209533691406, 6.920259475708008], "2_50": [3.1365058422088623, 5.061843395233154], "2_84": [-1.5215600728988647, 7.258936882019043], "2_322": [2.6284093856811523, 7.597655296325684], "2_416": [-2.7589898109436035, 8.49836254119873], "2_124": [3.562368392944336, 6.352389812469482], "2_206": [-2.8891475200653076, 9.546845436096191], "2_204": [3.9649269580841064, 7.751611709594727], "2_380": [0.3927042782306671, 9.308257102966309], "2_622": [-4.816102027893066, 9.709959983825684], "2_583": [0.2646290361881256, 7.113458156585693], "2_456": [-1.2837998867034912, 8.387744903564453], "2_461": [2.2439680099487305, 10.024380683898926], "2_152": [0.40015310049057007, 8.254708290100098], "2_15": [-1.8383262157440186, 9.49580192565918], "2_421": [5.074846267700195, 7.085133075714111], "2_586": [-2.7033398151397705, 9.569364547729492], "2_160": [1.7381353378295898, 9.925702095031738], "2_39": [1.9556117057800293, 7.958251476287842], "2_66": [-3.466991662979126, 8.539558410644531], "2_310": [-0.6704905033111572, 8.927021980285645], "2_345": [3.406928300857544, 6.462575435638428], "2_581": [-0.889537513256073, 9.184457778930664], "2_518": [1.2997273206710815, 8.935474395751953], "2_450": [1.625618577003479, 9.061243057250977], "2_567": [-4.317721366882324, 10.239055633544922], "2_115": [1.7513400316238403, 9.393451690673828], "2_183": [-4.017346382141113, 8.322697639465332], "2_104": [-3.0801761150360107, 9.632396697998047], "2_288": [-2.066439151763916, 7.713803291320801], "2_420": [3.485767126083374, 4.674245834350586], "2_49": [7.375166416168213, 2.616771697998047], "2_433": [2.0660085678100586, 7.86023473739624], "2_428": [3.6322619915008545, 5.0977888107299805], "2_1": [-1.7529585361480713, 6.836082935333252], "2_168": [3.33156681060791, 9.242595672607422], "2_155": [4.158034801483154, 4.480579376220703], "2_2": [-0.3451703190803528, 10.968840599060059], "2_120": [-3.6482455730438232, 10.731575965881348], "2_487": [-5.165228843688965, 9.144070625305176], "2_280": [0.09305549412965775, 6.07244348526001], "2_447": [6.390362739562988, 7.112752437591553], "2_148": [0.4689490795135498, 10.463140487670898], "2_532": [2.985741138458252, 7.286900043487549], "2_443": [-1.367020845413208, 7.469935417175293], "2_475": [-3.949343681335449, 9.446282386779785], "2_92": [-0.9630230069160461, 6.368484973907471], "2_258": [-1.6955196857452393, 8.264162063598633], "2_376": [-3.689359188079834, 9.737165451049805], "2_114": [-3.0020534992218018, 9.099416732788086], "2_246": [7.745378017425537, 4.468148231506348], "2_268": [-3.1278231143951416, 8.556652069091797], "2_221": [-0.8191295862197876, 9.768960952758789], "2_369": [3.0325229167938232, 8.450632095336914], "2_103": [2.6671736240386963, 10.042585372924805], "2_457": [-3.2923080921173096, 8.7388277053833], "2_112": [-2.9036407470703125, 8.68812370300293], "2_174": [-3.7161834239959717, 11.013002395629883], "2_490": [-3.369570016860962, 8.859288215637207], "2_430": [4.281666278839111, 8.972428321838379], "2_434": [-0.14324000477790833, 10.049481391906738], "2_541": [0.060609787702560425, 7.700080871582031], "2_392": [0.5605588555335999, 9.098403930664062], "2_187": [-0.05787397176027298, 8.304719924926758], "2_113": [-2.790541648864746, 8.168538093566895], "2_323": [0.4740424156188965, 8.775962829589844], "2_137": [2.9324467182159424, 8.078826904296875], "2_294": [-1.6833258867263794, 10.074849128723145], "2_359": [0.6614091396331787, 7.091906547546387], "2_141": [-1.6914597749710083, 8.315614700317383], "2_283": [-5.813619613647461, 7.999502182006836], "2_24": [-2.87349534034729, 7.024605751037598], "2_197": [-3.5446882247924805, 8.111546516418457], "2_493": [-4.456319808959961, 9.330886840820312], "2_573": [-4.671898365020752, 7.630250930786133], "2_440": [-3.7202980518341064, 8.01045036315918], "2_105": [-3.638760566711426, 9.361079216003418], "2_3": [-3.494837999343872, 9.419032096862793], "2_71": [1.3688007593154907, 6.183369159698486], "2_20": [4.023083209991455, 5.697277545928955], "2_463": [4.385673999786377, 5.3483967781066895], "2_602": [1.4216009378433228, 5.09537935256958], "2_88": [1.721457839012146, 7.13859224319458], "2_172": [2.043468952178955, 7.330674648284912], "2_86": [4.421050071716309, 6.552238941192627], "2_154": [5.717820644378662, 6.602794170379639], "2_557": [6.976977825164795, -1.2279853820800781], "2_163": [3.9056971073150635, 5.636802673339844], "2_87": [2.6706345081329346, 5.3422956466674805], "2_240": [5.301239013671875, -1.3408050537109375], "2_267": [2.3780808448791504, 6.419830799102783], "2_278": [5.817831993103027, 2.773577928543091], "2_284": [3.465100049972534, 6.490797519683838], "2_340": [4.568750858306885, 3.3610525131225586], "2_536": [1.5658061504364014, 7.330482006072998], "2_588": [3.365175247192383, 8.159661293029785], "2_448": [4.46463680267334, 2.2746622562408447], "2_79": [6.07103157043457, 3.4652442932128906], "2_191": [1.8814947605133057, 7.145730972290039], "2_99": [4.869823932647705, 4.807387351989746], "2_208": [5.910802841186523, 7.633299827575684], "2_119": [7.2324113845825195, -0.3632318675518036], "2_406": [6.484533786773682, 3.0994813442230225], "2_423": [0.13952961564064026, 6.306196212768555], "2_55": [7.5423359870910645, 1.0933870077133179], "2_77": [5.584035396575928, 5.406772136688232], "2_147": [4.958123207092285, 0.08981484174728394], "2_559": [4.7221150398254395, 9.002684593200684], "2_444": [5.726669788360596, 1.4944459199905396], "2_299": [-1.1146842241287231, 6.941263675689697], "2_313": [2.3947575092315674, 5.792225360870361], "2_125": [6.230095863342285, 4.0920515060424805], "2_552": [5.272009372711182, 5.918755054473877], "2_181": [5.634457588195801, 5.267734050750732], "2_107": [5.257782459259033, 5.393757343292236], "2_347": [6.479921817779541, -0.23495694994926453], "2_495": [1.8425084352493286, 6.350052833557129], "2_525": [6.214303016662598, 1.4279221296310425], "2_186": [-2.6596157550811768, 8.536843299865723], "2_506": [5.441048622131348, 3.0776166915893555], "2_486": [5.017880439758301, 0.8605690002441406], "2_149": [4.863262176513672, 7.399800777435303], "2_150": [5.635382175445557, 4.759576797485352], "2_12": [6.986117362976074, 1.2900501489639282], "2_611": [3.9690182209014893, 7.182910919189453], "2_429": [-0.48453420400619507, 7.879894256591797], "2_127": [5.507662296295166, 6.482253074645996], "2_36": [7.361757755279541, -0.8595982193946838], "2_173": [7.093954086303711, 3.570998191833496],