{"2_223": [2.145725965499878, 5.527824401855469], "2_370": [3.9887285232543945, 3.753099203109741], "2_556": [4.815680503845215, 4.3531084060668945], "2_484": [4.442906856536865, 5.510420799255371], "2_498": [4.061002731323242, 4.8627543449401855], "2_494": [2.416499376296997, 5.747208595275879], "2_477": [2.263084888458252, 5.248691082000732], "2_35": [5.372049808502197, 3.8579275608062744], "2_279": [5.645058631896973, 5.711596488952637], "2_377": [2.0323565006256104, 5.254990100860596], "2_595": [5.499368190765381, 2.9210081100463867], "2_464": [5.090084552764893, 5.51939058303833], "2_408": [3.7143123149871826, 5.7034220695495605], "2_574": [5.017758846282959, 4.342933177947998], "2_409": [6.184097766876221, 2.626638412475586], "2_549": [3.830242156982422, 4.7074456214904785], "2_598": [4.652709007263184, 3.9451751708984375], "2_73": [5.2770867347717285, 5.190001487731934], "2_374": [3.3518669605255127, 4.55701208114624], "2_297": [4.623620986938477, 5.118226528167725], "2_286": [1.713637113571167, 4.8427934646606445], "2_509": [3.3619799613952637, 4.8193817138671875], "2_508": [4.645314693450928, 3.6803500652313232], "2_472": [3.0885815620422363, 5.118297100067139], "2_227": [5.098972797393799, 5.442202568054199], "2_226": [3.073526382446289, 5.559692859649658], "2_478": [4.604164123535156, 4.614614963531494], "2_372": [5.470207691192627, 2.4767651557922363], "2_241": [5.442315578460693, 4.405950546264648], "2_109": [0.0836300402879715, 6.496278285980225], "2_389": [3.2193853855133057, 3.5249414443969727], "2_449": [3.9217641353607178, 4.79923677444458], "2_50": [5.200859069824219, 4.4096574783325195], "2_84": [1.9119528532028198, 5.859747886657715], "2_322": [4.658498287200928, 4.547473430633545], "2_416": [1.5939123630523682, 5.077335834503174], "2_124": [4.640341281890869, 5.092887878417969], "2_206": [1.6159483194351196, 5.504159927368164], "2_204": [4.657445430755615, 4.295776844024658], "2_380": [3.788062334060669, 4.91335916519165], "2_622": [1.642043113708496, 6.387656211853027], "2_583": [2.9484431743621826, 4.5636138916015625], "2_456": [2.7428157329559326, 4.9982452392578125], "2_461": [4.531280994415283, 5.74906587600708], "2_152": [3.7785580158233643, 4.405205249786377], "2_15": [3.9506657123565674, 4.426798343658447], "2_421": [5.265767574310303, 3.783071756362915], "2_586": [2.75374174118042, 5.5202956199646], "2_160": [3.1001884937286377, 5.558133125305176], "2_39": [4.0734333992004395, 4.236213684082031], "2_66": [2.6257243156433105, 5.630430698394775], "2_310": [2.8161466121673584, 5.436103820800781], "2_345": [3.806905508041382, 4.466459274291992], "2_581": [3.279703140258789, 5.3621826171875], "2_518": [3.990037441253662, 5.531052112579346], "2_450": [2.8332860469818115, 4.887073993682861], "2_567": [2.5494515895843506, 6.097541809082031], "2_115": [5.008823394775391, 4.793603897094727], "2_183": [3.113800525665283, 6.058351993560791], "2_104": [2.1859207153320312, 6.019289016723633], "2_288": [2.393897771835327, 4.942905426025391], "2_420": [4.351677417755127, 4.607395648956299], "2_49": [6.556204319000244, 3.1232516765594482], "2_433": [4.0171356201171875, 5.47562313079834], "2_428": [3.1943070888519287, 4.270210266113281], "2_1": [2.9803431034088135, 5.664927005767822], "2_168": [4.089413642883301, 6.443979740142822], "2_155": [5.411534786224365, 3.817563056945801], "2_2": [3.8875062465667725, 6.737422943115234], "2_120": [3.199031352996826, 6.382609844207764], "2_487": [0.32704252004623413, 7.0195817947387695], "2_280": [2.5001749992370605, 5.7263689041137695], "2_447": [5.186087608337402, 5.49233341217041], "2_148": [3.536576509475708, 4.7265496253967285], "2_532": [4.6311750411987305, 6.304468631744385], "2_443": [2.4951932430267334, 5.914362907409668], "2_475": [2.3399717807769775, 5.8326592445373535], "2_92": [3.5164923667907715, 5.423327922821045], "2_258": [2.921940565109253, 5.301875591278076], "2_376": [2.6340229511260986, 5.65733528137207], "2_114": [1.3437938690185547, 5.044336318969727], "2_246": [5.949726581573486, 3.63564395904541], "2_268": [3.470388412475586, 5.67736291885376], "2_221": [3.368454933166504, 4.91805362701416], "2_369": [3.9985694885253906, 5.403030872344971], "2_103": [3.2728147506713867, 5.689562797546387], "2_457": [3.284287452697754, 5.0695295333862305], "2_112": [2.617861270904541, 4.489317417144775], "2_174": [3.421081066131592, 6.0865631103515625], "2_490": [2.8990414142608643, 5.195738792419434], "2_430": [4.6846442222595215, 7.2275824546813965], "2_434": [5.060108661651611, 5.919747829437256], "2_541": [1.8354127407073975, 3.4908387660980225], "2_392": [2.646052598953247, 5.3330397605896], "2_187": [3.1196630001068115, 5.410784721374512], "2_113": [4.930264949798584, 6.149051189422607], "2_323": [3.0439882278442383, 6.128544807434082], "2_137": [4.087949275970459, 4.6913347244262695], "2_294": [2.2005786895751953, 5.864274024963379], "2_359": [3.2300732135772705, 5.055726051330566], "2_141": [3.8398914337158203, 4.48885440826416], "2_283": [0.4698072373867035, 6.68911600112915], "2_24": [3.569943904876709, 5.246058940887451], "2_197": [0.753900945186615, 5.272566318511963], "2_493": [1.8097153902053833, 7.06804084777832], "2_573": [1.155234456062317, 5.365354537963867], "2_440": [3.205146312713623, 5.065325736999512], "2_105": [1.7835954427719116, 5.506064414978027], "2_3": [3.6203794479370117, 5.452136993408203], "2_71": [5.0107550621032715, 4.363786697387695], "2_20": [5.236824035644531, 4.397547721862793], "2_463": [5.192385196685791, 3.5853474140167236], "2_602": [5.075662136077881, 3.829442024230957], "2_88": [4.90796422958374, 4.000296592712402], "2_172": [4.441864013671875, 3.666783332824707], "2_86": [4.642094612121582, 4.451992988586426], "2_154": [3.7906343936920166, 4.881331443786621], "2_557": [6.02839994430542, -0.2082824558019638], "2_163": [4.482842922210693, 5.136027812957764], "2_87": [5.643588066101074, 1.216729998588562], "2_240": [5.5812859535217285, 0.6557741165161133], "2_267": [5.402262210845947, 4.487106800079346], "2_278": [5.899421215057373, 2.6179213523864746], "2_284": [3.9231979846954346, 3.3838634490966797], "2_340": [4.065487861633301, 2.914602756500244], "2_536": [2.773141860961914, 4.611137390136719], "2_588": [4.357246398925781, 4.824913024902344], "2_448": [4.0451250076293945, 3.2729454040527344], "2_79": [5.486575126647949, 4.282507419586182], "2_191": [5.989339828491211, 3.523930788040161], "2_99": [5.482203483581543, 4.035714626312256], "2_208": [5.870735168457031, 4.006526947021484], "2_119": [6.086546421051025, 2.063497543334961], "2_406": [5.594801425933838, 2.370209217071533], "2_423": [2.6835551261901855, 4.451101303100586], "2_55": [6.463435649871826, 1.813084602355957], "2_77": [3.6320817470550537, 4.320948123931885], "2_147": [4.333202838897705, 2.8497326374053955], "2_559": [5.054531574249268, 4.864494323730469], "2_444": [6.940412998199463, 2.8761916160583496], "2_299": [1.544535756111145, 7.029788970947266], "2_313": [4.266263961791992, 4.040216445922852], "2_125": [5.203029632568359, 3.1010324954986572], "2_552": [4.846325874328613, 4.734562397003174], "2_181": [5.980361461639404, 2.1471071243286133], "2_107": [5.402087211608887, 3.9108686447143555], "2_347": [5.0101637840271, 1.624793291091919], "2_495": [3.9012317657470703, 5.482275009155273], "2_525": [6.485058307647705, 4.971158504486084], "2_186": [2.685060739517212, 5.447389602661133], "2_506": [5.939967632293701, 4.83829927444458], "2_486": [6.012599468231201, 1.7042726278305054], "2_149": [5.08723783493042, 4.547387599945068], "2_150": [2.6599299907684326, 3.3883743286132812], "2_12": [6.85807991027832, 2.9231367111206055], "2_611": [3.4854342937469482, 5.389934539794922], "2_429": [5.1013503074646, 5.192210674285889], "2_127": [5.967496395111084, 4.1896233558654785], "2_36": [4.954606056213379, 3.447800874710083], "2_173": [6.0266008377075195, 4.498645305633545], "2_295": [3.872858762741089, 4.673473358154297], "2_356": [7.20139741897583, 2.993802070617676],