{"2_223": [1.0371195077896118, 5.834110736846924], "2_370": [3.5710508823394775, 4.053379535675049], "2_556": [4.707366466522217, 5.168197154998779], "2_484": [3.907421827316284, 5.908162593841553], "2_498": [3.9850902557373047, 5.10127067565918], "2_494": [1.3741014003753662, 6.181493759155273], "2_477": [1.9673296213150024, 5.664731979370117], "2_35": [5.464263439178467, 3.832195520401001], "2_279": [3.8023464679718018, 6.523758411407471], "2_377": [0.8431956768035889, 5.557780742645264], "2_595": [3.886091709136963, 4.450833320617676], "2_464": [4.423015117645264, 6.205859661102295], "2_408": [3.5107526779174805, 5.838724136352539], "2_574": [4.33427619934082, 4.5657525062561035], "2_409": [5.954264163970947, 2.4163219928741455], "2_549": [3.8887438774108887, 5.058411121368408], "2_598": [4.469038486480713, 4.304596424102783], "2_73": [3.99880313873291, 6.012045860290527], "2_374": [2.7195258140563965, 5.6117730140686035], "2_297": [3.823896884918213, 6.182455062866211], "2_286": [0.16007083654403687, 5.723347187042236], "2_509": [2.094559669494629, 5.740593433380127], "2_508": [4.220346927642822, 4.1640625], "2_472": [1.4597046375274658, 6.141691207885742], "2_227": [4.9475016593933105, 5.62955379486084], "2_226": [1.737442135810852, 6.144933223724365], "2_478": [3.525667428970337, 5.066569805145264], "2_372": [5.3922505378723145, 2.446751594543457], "2_241": [5.435091495513916, 4.711938381195068], "2_109": [0.013125097379088402, 6.508835315704346], "2_389": [3.1823151111602783, 4.2064290046691895], "2_449": [3.407560110092163, 5.533868789672852], "2_50": [4.772220611572266, 5.199267387390137], "2_84": [1.6921566724777222, 5.535818576812744], "2_322": [4.025861740112305, 5.165486812591553], "2_416": [0.5233631134033203, 5.7086615562438965], "2_124": [3.9868972301483154, 4.979875087738037], "2_206": [0.4776160418987274, 6.126530170440674], "2_204": [3.2175164222717285, 4.942150115966797], "2_380": [3.2433695793151855, 5.107100486755371], "2_622": [-0.006250370759516954, 6.775937080383301], "2_583": [1.8487516641616821, 4.853636741638184], "2_456": [2.1438684463500977, 5.2098612785339355], "2_461": [3.4091362953186035, 6.886463165283203], "2_152": [3.149529457092285, 4.929146766662598], "2_15": [2.300051212310791, 5.510636329650879], "2_421": [4.533731460571289, 5.062385082244873], "2_586": [1.2768765687942505, 6.260366439819336], "2_160": [2.116028308868408, 6.170185565948486], "2_39": [2.9428088665008545, 4.999279975891113], "2_66": [1.2296124696731567, 5.940531253814697], "2_310": [2.134800672531128, 5.903362274169922], "2_345": [3.098904848098755, 4.906054496765137], "2_581": [2.1097216606140137, 5.808662414550781], "2_518": [3.1063454151153564, 5.9889912605285645], "2_450": [2.095851182937622, 5.436959266662598], "2_567": [0.8702257871627808, 7.020341873168945], "2_115": [4.376806259155273, 5.828272342681885], "2_183": [2.7797558307647705, 6.659965991973877], "2_104": [1.27601158618927, 6.291826248168945], "2_288": [1.073052167892456, 5.620711326599121], "2_420": [3.8104946613311768, 4.732121467590332], "2_49": [6.166781425476074, 3.0666558742523193], "2_433": [2.746176242828369, 6.286107540130615], "2_428": [3.017183780670166, 4.253101348876953], "2_1": [2.7264175415039062, 5.833950996398926], "2_168": [4.144870758056641, 6.691061496734619], "2_155": [4.616143226623535, 4.25803279876709], "2_2": [3.4417474269866943, 7.332920551300049], "2_120": [2.11568021774292, 7.028414726257324], "2_487": [-0.0318317636847496, 7.23137903213501], "2_280": [2.634377956390381, 5.777182579040527], "2_447": [4.900863170623779, 5.830216407775879], "2_148": [2.3377816677093506, 6.027217388153076], "2_532": [4.22723913192749, 6.364903926849365], "2_443": [2.0491867065429688, 6.110194683074951], "2_475": [0.654621958732605, 6.501988887786865], "2_92": [3.07279109954834, 6.030747890472412], "2_258": [2.45636248588562, 5.982128620147705], "2_376": [1.5849283933639526, 6.706216812133789], "2_114": [0.49385297298431396, 5.991844654083252], "2_246": [5.864311218261719, 4.052780628204346], "2_268": [2.7411134243011475, 6.201754093170166], "2_221": [2.2513911724090576, 5.689172744750977], "2_369": [3.149864435195923, 5.475205898284912], "2_103": [3.0699501037597656, 6.299548149108887], "2_457": [2.443638801574707, 5.746647357940674], "2_112": [2.0331454277038574, 5.051934719085693], "2_174": [1.2106889486312866, 6.722534656524658], "2_490": [1.7051777839660645, 6.254086494445801], "2_430": [4.757554054260254, 8.014472961425781], "2_434": [4.006194114685059, 6.713881492614746], "2_541": [1.8341604471206665, 4.529746055603027], "2_392": [2.200359344482422, 6.280771255493164], "2_187": [1.8996261358261108, 5.83050537109375], "2_113": [4.842402458190918, 6.641528129577637], "2_323": [2.488546371459961, 6.543313026428223], "2_137": [3.2376492023468018, 5.553718566894531], "2_294": [1.2441083192825317, 6.713128089904785], "2_359": [2.9946398735046387, 5.303677082061768], "2_141": [2.1173255443573, 5.396282196044922], "2_283": [-0.6933385133743286, 6.856701850891113], "2_24": [2.3788208961486816, 5.422250747680664], "2_197": [0.10239367932081223, 5.204512119293213], "2_493": [1.0035594701766968, 7.698437213897705], "2_573": [-0.22908839583396912, 5.563153266906738], "2_440": [2.4969866275787354, 6.205749034881592], "2_105": [1.0092204809188843, 6.070611953735352], "2_3": [2.141047716140747, 5.9697418212890625], "2_71": [4.111183166503906, 4.17861270904541], "2_20": [4.861674785614014, 5.268644332885742], "2_463": [4.949141979217529, 4.299569606781006], "2_602": [4.277698993682861, 4.558638095855713], "2_88": [4.8347039222717285, 4.5370635986328125], "2_172": [3.2290380001068115, 4.2663798332214355], "2_86": [4.100295543670654, 5.626433372497559], "2_154": [4.352489471435547, 5.534765720367432], "2_557": [5.365937232971191, 1.1053041219711304], "2_163": [4.334710597991943, 4.725574016571045], "2_87": [4.7184014320373535, 3.1907711029052734], "2_240": [5.520983695983887, 2.3790359497070312], "2_267": [4.533323287963867, 4.759069919586182], "2_278": [6.349449634552002, 2.7614905834198], "2_284": [3.281811237335205, 3.5068037509918213], "2_340": [3.736743927001953, 3.5920870304107666], "2_536": [2.4775662422180176, 5.125275135040283], "2_588": [5.118748188018799, 5.042721748352051], "2_448": [4.496098518371582, 3.108978748321533], "2_79": [5.800588607788086, 4.096279621124268], "2_191": [4.934157371520996, 4.36232328414917], "2_99": [5.493335723876953, 3.9233038425445557], "2_208": [5.780790328979492, 4.807705879211426], "2_119": [6.530376434326172, 2.8599653244018555], "2_406": [5.659569263458252, 3.3213584423065186], "2_423": [2.7737011909484863, 4.823891639709473], "2_55": [6.652851581573486, 2.3400590419769287], "2_77": [4.319653034210205, 4.652492046356201], "2_147": [4.672497749328613, 2.558317184448242], "2_559": [4.717810153961182, 5.47349214553833], "2_444": [6.018246173858643, 4.842231750488281], "2_299": [2.2129833698272705, 6.343590259552002], "2_313": [3.196791410446167, 4.443061351776123], "2_125": [5.443727970123291, 4.004342079162598], "2_552": [5.244088649749756, 5.351682662963867], "2_181": [5.55932092666626, 3.9664268493652344], "2_107": [4.555757999420166, 4.90376615524292], "2_347": [4.914196491241455, 1.897830605506897], "2_495": [3.9946181774139404, 5.402661323547363], "2_525": [6.121950626373291, 4.609460830688477], "2_186": [1.0448943376541138, 6.342600345611572], "2_506": [5.4876933097839355, 4.480954170227051], "2_486": [5.509039878845215, 2.130173444747925], "2_149": [5.216765403747559, 4.862938404083252], "2_150": [3.853616952896118, 4.230285167694092], "2_12": [6.356409072875977, 2.701256513595581], "2_611": [4.1928606033325195, 5.018039703369141], "2_429": [4.4955620765686035, 5.545106410980225], "2_127": [5.852816104888916, 4.783231735229492], "2_36": [5.007148742675781, 2.8408524990081787], "2_173": [6.361778259277344, 4.064757347106934], "2_295": [4.521605491638184, 4.570653915405273], "2_356": [7.136637210845947, 3.1376287937164307],