{"2_223": [-0.1711406111717224, 11.699199676513672], "2_370": [4.014318466186523, 9.909414291381836], "2_556": [3.0463216304779053, 10.020402908325195], "2_484": [4.048538684844971, 9.976617813110352], "2_498": [2.087181329727173, 10.366569519042969], "2_494": [1.9579744338989258, 12.138444900512695], "2_477": [1.1723905801773071, 11.362829208374023], "2_35": [9.113092422485352, 8.098567008972168], "2_279": [3.7961063385009766, 7.9012298583984375], "2_377": [-0.38496121764183044, 10.052800178527832], "2_595": [3.3198957443237305, 10.114707946777344], "2_464": [3.2200491428375244, 11.801682472229004], "2_408": [1.2383017539978027, 8.678872108459473], "2_574": [8.628890037536621, 5.779973030090332], "2_409": [5.629652976989746, 7.37321662902832], "2_549": [6.651594161987305, 5.169458389282227], "2_598": [3.2211720943450928, 11.169692993164062], "2_73": [6.582864761352539, 10.448688507080078], "2_374": [5.111534118652344, 10.37062931060791], "2_297": [3.5459628105163574, 9.259770393371582], "2_286": [0.919517457485199, 12.560338973999023], "2_509": [2.7810158729553223, 11.269743919372559], "2_508": [4.417846202850342, 8.377809524536133], "2_472": [2.236293315887451, 11.95475959777832], "2_227": [1.1794952154159546, 11.546497344970703], "2_226": [1.2546627521514893, 12.066411972045898], "2_478": [1.3266575336456299, 10.051575660705566], "2_372": [5.065268039703369, 9.972763061523438], "2_241": [0.9951877593994141, 10.896297454833984], "2_109": [0.17413467168807983, 13.451980590820312], "2_389": [5.088931083679199, 8.278926849365234], "2_449": [2.2824606895446777, 9.487405776977539], "2_50": [2.204663038253784, 10.363948822021484], "2_84": [1.4038485288619995, 10.53378677368164], "2_322": [8.526704788208008, 6.943243503570557], "2_416": [2.67154598236084, 12.971147537231445], "2_124": [1.5241446495056152, 10.38180923461914], "2_206": [0.7188099026679993, 11.992143630981445], "2_204": [0.10502368211746216, 10.929007530212402], "2_380": [2.007108688354492, 12.247007369995117], "2_622": [3.0648951530456543, 10.796218872070312], "2_583": [1.6136460304260254, 9.872310638427734], "2_456": [0.6143401861190796, 10.357545852661133], "2_461": [9.122236251831055, 7.563799858093262], "2_152": [7.270537376403809, 8.039658546447754], "2_15": [1.8338778018951416, 11.576409339904785], "2_421": [1.852883219718933, 10.720998764038086], "2_586": [3.249680995941162, 10.817693710327148], "2_160": [2.9524617195129395, 12.850688934326172], "2_39": [0.9737962484359741, 9.535881042480469], "2_66": [1.3624563217163086, 11.209400177001953], "2_310": [1.8522378206253052, 10.598442077636719], "2_345": [1.3246939182281494, 8.990277290344238], "2_581": [2.7823073863983154, 11.766731262207031], "2_518": [1.4904814958572388, 10.709585189819336], "2_450": [1.7129815816879272, 11.455121994018555], "2_567": [-0.45895034074783325, 13.36669635772705], "2_115": [3.9251768589019775, 11.10324478149414], "2_183": [2.128613233566284, 11.447368621826172], "2_104": [0.8233929872512817, 10.125038146972656], "2_288": [2.9151368141174316, 11.29720687866211], "2_420": [5.839165210723877, 7.557109832763672], "2_49": [9.103863716125488, 3.8224596977233887], "2_433": [0.8180071711540222, 9.392274856567383], "2_428": [2.5007081031799316, 6.775494575500488], "2_1": [1.459471344947815, 9.417695999145508], "2_168": [4.787161350250244, 10.651815414428711], "2_155": [1.9438509941101074, 9.166740417480469], "2_2": [4.452569961547852, 9.421371459960938], "2_120": [1.5044989585876465, 12.005849838256836], "2_487": [2.394859790802002, 12.931447982788086], "2_280": [1.7289924621582031, 10.182008743286133], "2_447": [0.03308451175689697, 11.589670181274414], "2_148": [1.9651201963424683, 10.887320518493652], "2_532": [3.1573517322540283, 9.519754409790039], "2_443": [3.5651605129241943, 9.207108497619629], "2_475": [0.10451704263687134, 12.697624206542969], "2_92": [1.0263144969940186, 10.136716842651367], "2_258": [0.43739908933639526, 9.274774551391602], "2_376": [1.424831509590149, 12.420486450195312], "2_114": [1.4105224609375, 11.77054500579834], "2_246": [1.6517888307571411, 9.644723892211914], "2_268": [1.3733556270599365, 12.110774993896484], "2_221": [2.122955560684204, 11.424552917480469], "2_369": [2.969189405441284, 9.823799133300781], "2_103": [3.8204116821289062, 11.178539276123047], "2_457": [1.8722255229949951, 11.434478759765625], "2_112": [1.066524624824524, 10.811147689819336], "2_174": [0.7187098264694214, 12.999909400939941], "2_490": [0.770058274269104, 11.480958938598633], "2_430": [3.0797340869903564, 9.369644165039062], "2_434": [0.7181447148323059, 12.086626052856445], "2_541": [4.2620439529418945, 9.1675443649292], "2_392": [0.5710591673851013, 12.430120468139648], "2_187": [1.2362562417984009, 9.65300464630127], "2_113": [1.9345242977142334, 11.940340995788574], "2_323": [1.2948209047317505, 11.150171279907227], "2_137": [4.362922191619873, 10.413458824157715], "2_294": [2.9689736366271973, 11.322057723999023], "2_359": [2.648236036300659, 8.355817794799805], "2_141": [3.0170702934265137, 11.99186897277832], "2_283": [2.280614137649536, 10.005281448364258], "2_24": [2.402651309967041, 10.578941345214844], "2_197": [-0.7427225112915039, 11.240002632141113], "2_493": [0.9591485261917114, 11.584210395812988], "2_573": [0.56101393699646, 12.129463195800781], "2_440": [4.612846851348877, 8.905702590942383], "2_105": [3.2999699115753174, 11.403478622436523], "2_3": [-0.41672074794769287, 11.16925048828125], "2_71": [2.9313950538635254, 9.400247573852539], "2_20": [3.9029664993286133, 8.11682415008545], "2_463": [9.118553161621094, 2.6172690391540527], "2_602": [4.02743673324585, 9.074654579162598], "2_88": [8.339465141296387, 4.448596477508545], "2_172": [5.137677192687988, 8.074565887451172], "2_86": [1.6464827060699463, 9.446677207946777], "2_154": [7.400954246520996, 7.189389705657959], "2_557": [9.792123794555664, 1.127534031867981], "2_163": [5.546192646026611, 7.287276268005371], "2_87": [9.646268844604492, 3.728142738342285], "2_240": [9.278779983520508, -1.490654706954956], "2_267": [6.005224704742432, 7.419293403625488], "2_278": [10.329439163208008, -1.575035572052002], "2_284": [7.3182477951049805, 6.43234920501709], "2_340": [8.525452613830566, 3.86474871635437], "2_536": [2.4237546920776367, 11.662166595458984], "2_588": [8.72599983215332, 6.897068977355957], "2_448": [2.471925735473633, 9.1151123046875], "2_79": [7.801470756530762, 6.597934722900391], "2_191": [5.857233047485352, 5.704280376434326], "2_99": [8.40806770324707, 5.925942420959473], "2_208": [9.3790922164917, 2.3515288829803467], "2_119": [9.068059921264648, 4.180689811706543], "2_406": [7.856154441833496, 5.460783958435059], "2_423": [4.39224100112915, 8.491827011108398], "2_55": [9.912254333496094, 3.2554821968078613], "2_77": [6.247478485107422, 8.141379356384277], "2_147": [1.079326868057251, 9.30377197265625], "2_559": [6.044175148010254, 6.790924549102783], "2_444": [10.460895538330078, 1.3659759759902954], "2_299": [3.1116647720336914, 8.21234130859375], "2_313": [1.0743372440338135, 10.453510284423828], "2_125": [9.771530151367188, 3.902884006500244], "2_552": [8.110666275024414, 5.289430618286133], "2_181": [9.459983825683594, 0.8999097347259521], "2_107": [6.1281633377075195, 8.699825286865234], "2_347": [8.690433502197266, 6.454916954040527], "2_495": [8.990978240966797, 5.957557678222656], "2_525": [9.163804054260254, 3.5537688732147217], "2_186": [0.9798592329025269, 11.102407455444336], "2_506": [8.938383102416992, 5.072055816650391], "2_486": [7.166515350341797, 6.9605560302734375], "2_149": [9.41036605834961, 4.282737731933594], "2_150": [4.511414527893066, 8.163904190063477], "2_12": [9.03358268737793, 1.3371405601501465], "2_611": [10.393698692321777, 2.1917102336883545], "2_429": [9.102428436279297, 4.777784824371338], "2_127": [7.0535149574279785, 6.314016342163086], "2_36": [9.131126403808594, 6.228116035461426], "2_173": [9.376246452331543, 0.1621229648590088],