{"2_223": [1.4136998653411865, 11.484020233154297], "2_370": [6.321464538574219, 9.37677001953125], "2_556": [7.4567461013793945, 8.896596908569336], "2_484": [3.4272851943969727, 9.573070526123047], "2_498": [7.843213081359863, 9.390825271606445], "2_494": [3.3177247047424316, 11.981332778930664], "2_477": [2.008514881134033, 11.718162536621094], "2_35": [9.755033493041992, 6.301665782928467], "2_279": [2.7461299896240234, 8.990129470825195], "2_377": [1.8714838027954102, 9.595120429992676], "2_595": [4.987173557281494, 10.472186088562012], "2_464": [3.9424030780792236, 11.597696304321289], "2_408": [1.7730257511138916, 9.359609603881836], "2_574": [6.985857009887695, 7.513379096984863], "2_409": [4.783788681030273, 8.264533042907715], "2_549": [7.110692024230957, 6.529789924621582], "2_598": [4.929449558258057, 11.35412883758545], "2_73": [4.466089725494385, 11.258893966674805], "2_374": [4.362828254699707, 10.770841598510742], "2_297": [8.96462631225586, 7.9921674728393555], "2_286": [3.2775144577026367, 12.202568054199219], "2_509": [4.206219673156738, 11.488510131835938], "2_508": [3.754434823989868, 9.433843612670898], "2_472": [2.283965587615967, 12.299224853515625], "2_227": [2.101270914077759, 11.860956192016602], "2_226": [1.9651142358779907, 12.797741889953613], "2_478": [2.763104200363159, 10.876094818115234], "2_372": [5.750243663787842, 9.127882957458496], "2_241": [4.063511848449707, 10.816502571105957], "2_109": [2.218318462371826, 13.433300018310547], "2_389": [3.1566720008850098, 9.86877155303955], "2_449": [6.194194793701172, 10.356874465942383], "2_50": [1.4951047897338867, 9.998106002807617], "2_84": [2.772035837173462, 11.087919235229492], "2_322": [6.4790849685668945, 8.09250259399414], "2_416": [3.993370532989502, 12.349081039428711], "2_124": [5.190666198730469, 10.303426742553711], "2_206": [2.223646402359009, 12.101578712463379], "2_204": [1.1280461549758911, 10.499445915222168], "2_380": [2.7416183948516846, 11.894519805908203], "2_622": [6.570616722106934, 9.659974098205566], "2_583": [3.192995071411133, 8.796871185302734], "2_456": [1.34375, 10.868614196777344], "2_461": [7.203431129455566, 7.923116683959961], "2_152": [5.640394687652588, 9.342275619506836], "2_15": [2.2188122272491455, 12.254583358764648], "2_421": [2.7394113540649414, 11.641902923583984], "2_586": [3.561750888824463, 12.420061111450195], "2_160": [6.0707268714904785, 11.754098892211914], "2_39": [1.625245451927185, 9.99239730834961], "2_66": [0.8233602046966553, 11.80008316040039], "2_310": [1.919574499130249, 10.908456802368164], "2_345": [3.6758205890655518, 9.746715545654297], "2_581": [3.2080421447753906, 11.762451171875], "2_518": [1.7628029584884644, 12.119234085083008], "2_450": [2.8938746452331543, 12.545373916625977], "2_567": [1.507034182548523, 12.62332534790039], "2_115": [4.379871368408203, 11.581169128417969], "2_183": [2.0655643939971924, 11.054998397827148], "2_104": [1.7142736911773682, 10.081191062927246], "2_288": [3.280952215194702, 11.243705749511719], "2_420": [2.6915907859802246, 10.07196044921875], "2_49": [9.555582046508789, 3.4319417476654053], "2_433": [2.111048460006714, 9.93575668334961], "2_428": [5.185362815856934, 6.5895185470581055], "2_1": [2.010624408721924, 9.480554580688477], "2_168": [2.4174699783325195, 11.180360794067383], "2_155": [1.5678881406784058, 9.209300994873047], "2_2": [6.216559410095215, 8.807746887207031], "2_120": [1.551269292831421, 12.227615356445312], "2_487": [5.059331893920898, 11.498247146606445], "2_280": [5.38604736328125, 9.42721176147461], "2_447": [1.8738003969192505, 10.802391052246094], "2_148": [2.0273869037628174, 11.56285285949707], "2_532": [6.625643730163574, 8.843362808227539], "2_443": [2.870537757873535, 9.83792781829834], "2_475": [1.2830538749694824, 12.860528945922852], "2_92": [1.7462800741195679, 10.36536693572998], "2_258": [1.8653287887573242, 9.161483764648438], "2_376": [2.8811583518981934, 12.38336181640625], "2_114": [2.026773691177368, 12.454526901245117], "2_246": [2.8082399368286133, 9.668264389038086], "2_268": [2.2496354579925537, 11.917882919311523], "2_221": [2.4827427864074707, 10.503615379333496], "2_369": [2.7728354930877686, 10.704581260681152], "2_103": [6.107902526855469, 9.388675689697266], "2_457": [3.6302056312561035, 11.82107162475586], "2_112": [1.8619087934494019, 11.108753204345703], "2_174": [2.758856773376465, 12.6939115524292], "2_490": [1.9317716360092163, 11.928813934326172], "2_430": [2.286536455154419, 10.268135070800781], "2_434": [3.1571357250213623, 11.979354858398438], "2_541": [4.112727165222168, 10.541940689086914], "2_392": [1.7993955612182617, 12.60215950012207], "2_187": [1.9929450750350952, 10.710897445678711], "2_113": [2.436027765274048, 12.295902252197266], "2_323": [2.4354591369628906, 11.5161714553833], "2_137": [3.4836902618408203, 11.734375], "2_294": [2.379831075668335, 12.02523422241211], "2_359": [3.3182191848754883, 8.467832565307617], "2_141": [3.336422920227051, 11.812507629394531], "2_283": [2.5131216049194336, 9.923288345336914], "2_24": [2.270857810974121, 9.930097579956055], "2_197": [0.5090764760971069, 10.872093200683594], "2_493": [2.769704580307007, 11.628950119018555], "2_573": [0.6257171034812927, 11.724940299987793], "2_440": [3.999621868133545, 9.349479675292969], "2_105": [5.628777980804443, 11.03775691986084], "2_3": [3.0862343311309814, 11.409464836120605], "2_71": [7.522063255310059, 7.433036804199219], "2_20": [1.8913438320159912, 9.736499786376953], "2_463": [7.555440902709961, 4.97603178024292], "2_602": [6.050839900970459, 7.185423851013184], "2_88": [6.101394176483154, 7.621159553527832], "2_172": [1.9647585153579712, 9.663902282714844], "2_86": [2.314750909805298, 9.323497772216797], "2_154": [8.470499038696289, 6.084524631500244], "2_557": [10.038703918457031, 2.842172145843506], "2_163": [8.315347671508789, 5.1720428466796875], "2_87": [8.872724533081055, 5.680241584777832], "2_240": [7.619437217712402, 0.8113645315170288], "2_267": [3.5074117183685303, 8.653314590454102], "2_278": [5.983142852783203, 4.914221286773682], "2_284": [7.018728256225586, 6.940145492553711], "2_340": [8.552923202514648, 4.374479293823242], "2_536": [2.8573975563049316, 10.634448051452637], "2_588": [6.702776908874512, 9.697271347045898], "2_448": [8.183760643005371, 6.069902420043945], "2_79": [6.202731132507324, 9.099323272705078], "2_191": [5.739293098449707, 6.039688587188721], "2_99": [7.377229690551758, 6.8764848709106445], "2_208": [8.871940612792969, 5.115236759185791], "2_119": [8.996393203735352, 4.925716400146484], "2_406": [6.322002410888672, 9.603889465332031], "2_423": [2.051980495452881, 9.861953735351562], "2_55": [7.694801330566406, 6.689087867736816], "2_77": [4.223934650421143, 9.512922286987305], "2_147": [7.047240257263184, 7.94754695892334], "2_559": [4.163462162017822, 8.837318420410156], "2_444": [9.744012832641602, 2.915140151977539], "2_299": [4.150588035583496, 9.463306427001953], "2_313": [1.2144579887390137, 11.574304580688477], "2_125": [8.57298469543457, 6.285274505615234], "2_552": [7.778140068054199, 6.484183311462402], "2_181": [8.584132194519043, 4.5101637840271], "2_107": [2.9887466430664062, 10.569761276245117], "2_347": [7.066129684448242, 7.592856407165527], "2_495": [7.009518146514893, 8.250937461853027], "2_525": [8.70876693725586, 4.709632873535156], "2_186": [0.982566237449646, 10.937332153320312], "2_506": [6.315485000610352, 7.869145393371582], "2_486": [8.723077774047852, 4.102898120880127], "2_149": [6.755145072937012, 7.461111068725586], "2_150": [5.628609657287598, 8.958335876464844], "2_12": [3.9117090702056885, 6.986158847808838], "2_611": [10.225139617919922, 4.155916690826416], "2_429": [9.027779579162598, 4.371171951293945], "2_127": [6.63526725769043, 6.372596740722656], "2_36": [9.472835540771484, 7.928132057189941], "2_173": [9.228957176208496, 0.8274672627449036], "2_295": [4.358243942260742, 7.013873100280762], "2_356": [8.73881721496582, 2.87248158454895],