{"2_223": [0.8574036359786987, 13.386161804199219], "2_370": [7.477571964263916, 11.346871376037598], "2_556": [7.269676208496094, 10.00892448425293], "2_484": [3.7682881355285645, 9.459090232849121], "2_498": [4.141346454620361, 10.672708511352539], "2_494": [1.8779441118240356, 14.751436233520508], "2_477": [3.5189707279205322, 11.987971305847168], "2_35": [12.994462966918945, 0.8186337947845459], "2_279": [3.1837196350097656, 9.730152130126953], "2_377": [-0.39058417081832886, 11.118457794189453], "2_595": [11.720501899719238, 7.5563764572143555], "2_464": [4.649365425109863, 9.830744743347168], "2_408": [1.4438711404800415, 9.637922286987305], "2_574": [10.833388328552246, 8.224342346191406], "2_409": [11.85423469543457, 1.8778672218322754], "2_549": [8.320488929748535, 5.786115646362305], "2_598": [9.404083251953125, 10.692625045776367], "2_73": [2.0808677673339844, 13.816120147705078], "2_374": [5.699723243713379, 9.247697830200195], "2_297": [8.26192855834961, 11.066268920898438], "2_286": [1.4628100395202637, 14.951971054077148], "2_509": [5.953886985778809, 11.19868278503418], "2_508": [3.4476795196533203, 7.042091369628906], "2_472": [1.9333503246307373, 14.537290573120117], "2_227": [1.3997271060943604, 14.416458129882812], "2_226": [1.4674876928329468, 14.339012145996094], "2_478": [0.6137589812278748, 13.234835624694824], "2_372": [11.079242706298828, 6.401973724365234], "2_241": [3.0920281410217285, 10.94150161743164], "2_109": [2.028810977935791, 15.482848167419434], "2_389": [2.132408857345581, 10.8469820022583], "2_449": [1.0078481435775757, 12.156736373901367], "2_50": [-1.1246843338012695, 12.44423770904541], "2_84": [1.8147982358932495, 11.682004928588867], "2_322": [5.828858375549316, 10.079984664916992], "2_416": [2.3079299926757812, 16.506507873535156], "2_124": [2.543002128601074, 12.952031135559082], "2_206": [1.6792391538619995, 13.657190322875977], "2_204": [0.4903426170349121, 12.010721206665039], "2_380": [9.494240760803223, 11.29530143737793], "2_622": [2.169166326522827, 14.41843032836914], "2_583": [2.799910545349121, 11.118426322937012], "2_456": [1.0527067184448242, 12.686700820922852], "2_461": [9.407434463500977, 6.494322776794434], "2_152": [5.113243579864502, 12.379990577697754], "2_15": [1.5079847574234009, 13.413745880126953], "2_421": [1.8133420944213867, 13.296319961547852], "2_586": [2.0197694301605225, 14.951394081115723], "2_160": [10.224899291992188, 8.55292797088623], "2_39": [1.0317301750183105, 9.928373336791992], "2_66": [0.47096872329711914, 12.300376892089844], "2_310": [0.9290301203727722, 11.948125839233398], "2_345": [1.5829596519470215, 10.352096557617188], "2_581": [1.611371636390686, 13.671245574951172], "2_518": [1.2009845972061157, 12.98253345489502], "2_450": [1.321959376335144, 14.694852828979492], "2_567": [0.6134647727012634, 14.867040634155273], "2_115": [7.824579238891602, 11.748379707336426], "2_183": [-1.1219160556793213, 11.943098068237305], "2_104": [0.07329034805297852, 13.332450866699219], "2_288": [2.571028232574463, 14.540794372558594], "2_420": [-0.6582443118095398, 9.60184097290039], "2_49": [11.557470321655273, 2.0925440788269043], "2_433": [2.0763063430786133, 9.638896942138672], "2_428": [5.84855842590332, 5.406522750854492], "2_1": [0.6613260507583618, 8.796764373779297], "2_168": [1.9444652795791626, 13.766579627990723], "2_155": [2.3664307594299316, 9.661144256591797], "2_2": [6.942741870880127, 8.522723197937012], "2_120": [0.5282709002494812, 14.333474159240723], "2_487": [3.5187697410583496, 14.541032791137695], "2_280": [4.918429374694824, 11.46420669555664], "2_447": [0.3722463846206665, 13.449970245361328], "2_148": [1.2716408967971802, 13.025684356689453], "2_532": [10.560554504394531, 4.552007675170898], "2_443": [1.9564073085784912, 10.323443412780762], "2_475": [0.5318045020103455, 15.055293083190918], "2_92": [-2.2973413467407227, 11.767804145812988], "2_258": [0.19726024568080902, 11.626958847045898], "2_376": [1.8991552591323853, 14.269865036010742], "2_114": [1.5428709983825684, 13.275350570678711], "2_246": [3.4631433486938477, 10.352958679199219], "2_268": [1.3249930143356323, 13.180028915405273], "2_221": [4.856025695800781, 10.526583671569824], "2_369": [4.004789352416992, 10.493125915527344], "2_103": [1.0111662149429321, 9.264036178588867], "2_457": [1.3089184761047363, 11.67479133605957], "2_112": [2.2061870098114014, 12.90468978881836], "2_174": [1.4978158473968506, 14.232452392578125], "2_490": [1.227510929107666, 13.820833206176758], "2_430": [1.0490460395812988, 11.778918266296387], "2_434": [3.883483409881592, 13.896955490112305], "2_541": [3.4054529666900635, 11.791831016540527], "2_392": [0.44863903522491455, 11.952104568481445], "2_187": [2.410691261291504, 11.287945747375488], "2_113": [-0.7662841081619263, 13.754253387451172], "2_323": [5.601314544677734, 11.347200393676758], "2_137": [1.8043566942214966, 15.041152954101562], "2_294": [1.8996424674987793, 13.403498649597168], "2_359": [0.7822580933570862, 9.709287643432617], "2_141": [3.5765633583068848, 15.037858963012695], "2_283": [1.1375067234039307, 11.239912033081055], "2_24": [1.4782838821411133, 11.696444511413574], "2_197": [-0.34503987431526184, 12.998958587646484], "2_493": [1.03724205493927, 15.081852912902832], "2_573": [0.5927884578704834, 13.62913990020752], "2_440": [1.6357356309890747, 10.264352798461914], "2_105": [5.969598770141602, 12.879518508911133], "2_3": [1.2124589681625366, 14.025321960449219], "2_71": [6.322498321533203, 10.579521179199219], "2_20": [2.2617669105529785, 8.056327819824219], "2_463": [11.169166564941406, 1.0756691694259644], "2_602": [1.370187520980835, 7.653478622436523], "2_88": [7.217931747436523, 7.613149642944336], "2_172": [9.946847915649414, 6.174607276916504], "2_86": [1.289075255393982, 9.543776512145996], "2_154": [7.391780853271484, 11.132606506347656], "2_557": [12.9449462890625, 1.5116050243377686], "2_163": [11.548052787780762, 3.548182725906372], "2_87": [11.368504524230957, 3.336521625518799], "2_240": [6.597590446472168, -0.6946263313293457], "2_267": [3.2846837043762207, 10.87691879272461], "2_278": [10.259160041809082, -2.8261055946350098], "2_284": [9.318732261657715, 4.958141803741455], "2_340": [11.332986831665039, 3.9828872680664062], "2_536": [4.631402015686035, 12.312747955322266], "2_588": [8.78567123413086, 11.440279006958008], "2_448": [9.79214096069336, 6.897709846496582], "2_79": [12.278966903686523, 4.31644868850708], "2_191": [8.29733657836914, 4.845386505126953], "2_99": [11.152353286743164, 3.4739990234375], "2_208": [12.117013931274414, 4.0565972328186035], "2_119": [13.95567798614502, 0.41968443989753723], "2_406": [13.127433776855469, 7.768567085266113], "2_423": [1.917997121810913, 10.609552383422852], "2_55": [11.819984436035156, 2.850907802581787], "2_77": [8.138860702514648, 10.31985092163086], "2_147": [11.104925155639648, 5.083368301391602], "2_559": [8.769379615783691, 5.762582302093506], "2_444": [13.178583145141602, 1.6814393997192383], "2_299": [2.2924609184265137, 10.419492721557617], "2_313": [0.7544398307800293, 13.369585037231445], "2_125": [13.121709823608398, 5.871014595031738], "2_552": [10.795576095581055, 4.799948215484619], "2_181": [11.387901306152344, 0.23422777652740479], "2_107": [3.0672340393066406, 12.35893440246582], "2_347": [10.686197280883789, 6.234471321105957], "2_495": [10.576641082763672, 7.862421989440918], "2_525": [12.538387298583984, 1.8092877864837646], "2_186": [0.8545929193496704, 12.080242156982422], "2_506": [11.303583145141602, 5.028038024902344], "2_486": [11.235429763793945, 3.0150179862976074], "2_149": [4.041659355163574, 9.451147079467773], "2_150": [8.789984703063965, 10.548388481140137], "2_12": [11.851167678833008, 2.2230303287506104], "2_611": [12.993834495544434, 0.46455293893814087], "2_429": [10.190309524536133, 6.109043598175049], "2_127": [6.596364498138428, 6.3058319091796875], "2_36": [14.00072956085205, 2.9375672340393066],