{"2_223": [8.497576713562012, 9.647769927978516], "2_370": [8.252771377563477, 8.60574722290039], "2_556": [8.034381866455078, 8.536520004272461], "2_484": [8.269781112670898, 8.70654010772705], "2_498": [8.558862686157227, 9.30843734741211], "2_494": [8.672077178955078, 9.669551849365234], "2_477": [8.635082244873047, 9.760080337524414], "2_35": [9.263662338256836, 8.809477806091309], "2_279": [8.643942832946777, 8.335662841796875], "2_377": [8.086978912353516, 8.851417541503906], "2_595": [8.539292335510254, 9.471590042114258], "2_464": [8.73354721069336, 9.554855346679688], "2_408": [7.82070255279541, 8.578452110290527], "2_574": [8.842573165893555, 8.699310302734375], "2_409": [8.189031600952148, 8.76799201965332], "2_549": [8.440938949584961, 8.081060409545898], "2_598": [8.351608276367188, 9.189867973327637], "2_73": [8.500551223754883, 9.283199310302734], "2_374": [8.765539169311523, 9.279892921447754], "2_297": [9.02592658996582, 8.970090866088867], "2_286": [8.748732566833496, 9.804378509521484], "2_509": [8.243331909179688, 8.79170036315918], "2_508": [8.977213859558105, 8.720193862915039], "2_472": [8.569841384887695, 9.670870780944824], "2_227": [8.135965347290039, 9.586442947387695], "2_226": [8.466753959655762, 9.411364555358887], "2_478": [8.447617530822754, 9.478166580200195], "2_372": [8.931609153747559, 9.126725196838379], "2_241": [8.479347229003906, 9.527592658996582], "2_109": [8.527565002441406, 10.244155883789062], "2_389": [8.306087493896484, 8.550783157348633], "2_449": [8.691215515136719, 8.999828338623047], "2_50": [8.297625541687012, 9.144844055175781], "2_84": [8.734305381774902, 9.913179397583008], "2_322": [8.86389446258545, 9.120299339294434], "2_416": [8.859573364257812, 9.826971054077148], "2_124": [8.464506149291992, 9.414876937866211], "2_206": [8.186433792114258, 9.493915557861328], "2_204": [8.139610290527344, 9.432353973388672], "2_380": [8.557710647583008, 9.614978790283203], "2_622": [8.226910591125488, 8.651537895202637], "2_583": [7.877983093261719, 8.308816909790039], "2_456": [8.024954795837402, 9.369365692138672], "2_461": [8.610368728637695, 8.543460845947266], "2_152": [8.280616760253906, 8.65230941772461], "2_15": [8.446173667907715, 9.614058494567871], "2_421": [8.146771430969238, 9.107083320617676], "2_586": [8.505437850952148, 8.958940505981445], "2_160": [9.191994667053223, 9.61298942565918], "2_39": [8.134069442749023, 8.93345832824707], "2_66": [8.689854621887207, 9.828453063964844], "2_310": [8.334911346435547, 9.460888862609863], "2_345": [8.280570030212402, 8.962376594543457], "2_581": [8.436538696289062, 9.249565124511719], "2_518": [8.46750259399414, 9.687268257141113], "2_450": [8.155376434326172, 9.642346382141113], "2_567": [8.450711250305176, 9.623344421386719], "2_115": [8.917734146118164, 9.644055366516113], "2_183": [8.352733612060547, 9.04682445526123], "2_104": [8.129324913024902, 8.964027404785156], "2_288": [8.7994966506958, 9.560867309570312], "2_420": [7.980443954467773, 8.767068862915039], "2_49": [8.771859169006348, 8.142193794250488], "2_433": [7.800564765930176, 8.769100189208984], "2_428": [6.931909561157227, 7.368505477905273], "2_1": [8.130304336547852, 9.01041030883789], "2_168": [8.16175651550293, 9.455723762512207], "2_155": [8.239264488220215, 8.687793731689453], "2_2": [8.342840194702148, 7.680337905883789], "2_120": [8.59339714050293, 9.399932861328125], "2_487": [8.474637031555176, 9.508718490600586], "2_280": [8.316935539245605, 8.82668399810791], "2_447": [8.233156204223633, 9.177297592163086], "2_148": [8.241601943969727, 9.190311431884766], "2_532": [8.435728073120117, 8.87914752960205], "2_443": [8.678789138793945, 9.088983535766602], "2_475": [8.252643585205078, 10.020467758178711], "2_92": [8.619356155395508, 9.234493255615234], "2_258": [8.100814819335938, 8.740377426147461], "2_376": [8.238677978515625, 9.435674667358398], "2_114": [8.071407318115234, 9.483963012695312], "2_246": [8.335647583007812, 9.110536575317383], "2_268": [7.932539463043213, 9.45160961151123], "2_221": [8.006205558776855, 9.119878768920898], "2_369": [8.359455108642578, 9.443811416625977], "2_103": [8.856453895568848, 9.142122268676758], "2_457": [9.124678611755371, 9.58513069152832], "2_112": [8.369998931884766, 9.37057876586914], "2_174": [8.896965980529785, 9.842469215393066], "2_490": [8.468843460083008, 9.347482681274414], "2_430": [7.918911933898926, 9.357470512390137], "2_434": [8.709383010864258, 9.737577438354492], "2_541": [7.843716621398926, 8.974266052246094], "2_392": [8.554035186767578, 9.67935562133789], "2_187": [8.583159446716309, 9.314038276672363], "2_113": [8.236639976501465, 9.358285903930664], "2_323": [7.6205291748046875, 8.869593620300293], "2_137": [8.669677734375, 9.380558013916016], "2_294": [8.603178977966309, 9.673713684082031], "2_359": [7.9780426025390625, 8.804147720336914], "2_141": [8.740424156188965, 9.226829528808594], "2_283": [8.093389511108398, 9.083809852600098], "2_24": [8.155010223388672, 8.987594604492188], "2_197": [8.169071197509766, 9.027414321899414], "2_493": [8.34337329864502, 9.534040451049805], "2_573": [8.662927627563477, 9.95476245880127], "2_440": [8.431367874145508, 8.553131103515625], "2_105": [8.833131790161133, 9.585941314697266], "2_3": [8.131368637084961, 9.277323722839355], "2_71": [8.537670135498047, 8.638202667236328], "2_20": [8.31054973602295, 9.047646522521973], "2_463": [8.75985050201416, 7.7719244956970215], "2_602": [8.483819961547852, 8.569000244140625], "2_88": [8.822591781616211, 8.169254302978516], "2_172": [8.167389869689941, 8.672706604003906], "2_86": [8.733519554138184, 8.56440544128418], "2_154": [9.068177223205566, 8.368873596191406], "2_557": [9.21674919128418, 7.569775581359863], "2_163": [8.691153526306152, 8.536483764648438], "2_87": [9.08531379699707, 7.6846723556518555], "2_240": [9.200182914733887, 6.3980793952941895], "2_267": [8.23261833190918, 8.458563804626465], "2_278": [8.428250312805176, 6.937361717224121], "2_284": [7.80556583404541, 7.406548500061035], "2_340": [8.379863739013672, 7.449746131896973], "2_536": [8.622075080871582, 9.423662185668945], "2_588": [9.047525405883789, 9.001487731933594], "2_448": [8.155733108520508, 8.391569137573242], "2_79": [9.208051681518555, 8.691678047180176], "2_191": [8.372843742370605, 8.250782012939453], "2_99": [8.656876564025879, 8.482707977294922], "2_208": [9.104119300842285, 7.967597007751465], "2_119": [8.788061141967773, 7.7516069412231445], "2_406": [8.837604522705078, 8.557449340820312], "2_423": [8.686418533325195, 8.370206832885742], "2_55": [9.28028678894043, 8.674270629882812], "2_77": [8.904996871948242, 8.68006706237793], "2_147": [8.974479675292969, 8.77969741821289], "2_559": [8.190185546875, 8.169597625732422], "2_444": [9.391295433044434, 7.280064582824707], "2_299": [8.326312065124512, 9.146186828613281], "2_313": [8.954992294311523, 9.122005462646484], "2_125": [9.049723625183105, 8.556053161621094], "2_552": [8.674172401428223, 8.05622673034668], "2_181": [9.35090446472168, 7.711796283721924], "2_107": [9.463818550109863, 8.858613967895508], "2_347": [8.55991268157959, 8.958560943603516], "2_495": [9.004244804382324, 8.507648468017578], "2_525": [9.07122802734375, 8.39303207397461], "2_186": [8.281278610229492, 9.08481502532959], "2_506": [9.11516284942627, 7.8168625831604], "2_486": [9.093292236328125, 8.325737953186035], "2_149": [9.137617111206055, 8.408659934997559], "2_150": [8.286479949951172, 8.469148635864258], "2_12": [8.759246826171875, 7.702541351318359], "2_611": [9.064949035644531, 8.105803489685059], "2_429": [9.183391571044922, 7.9915924072265625], "2_127": [8.403739929199219, 8.36302375793457], "2_36": [8.985158920288086, 8.67557144165039], "2_173": [9.295248985290527, 7.536251068115234], "2_295": [7.970743179321289, 8.043992042541504], "2_356": [9.30357551574707, 7.169151782989502], "2_38": [8.51828384399414, 9.430349349975586], "2_431": [9.210042953491211, 8.40418815612793],