{"2_223": [-5.7149786949157715, 11.779391288757324], "2_370": [2.3515641689300537, 6.841507434844971], "2_556": [3.560347318649292, 8.546163558959961], "2_484": [2.93464994430542, 10.489853858947754], "2_498": [3.8019895553588867, 8.926652908325195], "2_494": [-4.267580509185791, 11.191969871520996], "2_477": [-3.945279359817505, 10.586568832397461], "2_35": [4.6148223876953125, 8.203850746154785], "2_279": [6.074656009674072, 9.675216674804688], "2_377": [-4.24118709564209, 9.8283109664917], "2_595": [7.495532035827637, 5.098393440246582], "2_464": [3.619709014892578, 9.393373489379883], "2_408": [-1.4803681373596191, 10.978269577026367], "2_574": [5.526826858520508, 7.203608512878418], "2_409": [8.64959716796875, -1.3628202676773071], "2_549": [1.8226945400238037, 8.941259384155273], "2_598": [6.516592502593994, 8.253499031066895], "2_73": [2.7818565368652344, 10.477378845214844], "2_374": [3.4657514095306396, 8.53797435760498], "2_297": [2.901808023452759, 10.652430534362793], "2_286": [-4.600009441375732, 9.144363403320312], "2_509": [-2.76824688911438, 9.36164665222168], "2_508": [5.779781818389893, 6.979160308837891], "2_472": [-2.015866994857788, 9.002642631530762], "2_227": [2.962670087814331, 9.443132400512695], "2_226": [-4.404796123504639, 10.309304237365723], "2_478": [-1.900043249130249, 9.644776344299316], "2_372": [8.296889305114746, 4.505152225494385], "2_241": [4.2657904624938965, 8.868489265441895], "2_109": [-4.516598701477051, 12.892256736755371], "2_389": [-0.029217815026640892, 8.430314064025879], "2_449": [-1.7556545734405518, 9.214045524597168], "2_50": [6.307857513427734, 7.421038627624512], "2_84": [-2.4141275882720947, 8.845501899719238], "2_322": [3.8351285457611084, 8.167122840881348], "2_416": [-4.961685657501221, 9.63554859161377], "2_124": [3.7222564220428467, 9.847647666931152], "2_206": [-3.161865711212158, 10.108926773071289], "2_204": [8.461304664611816, 6.290563106536865], "2_380": [-3.3281705379486084, 10.839542388916016], "2_622": [-4.2173967361450195, 10.815794944763184], "2_583": [-1.2557945251464844, 8.432055473327637], "2_456": [-1.8438968658447266, 10.232205390930176], "2_461": [1.8324569463729858, 11.171085357666016], "2_152": [2.145899534225464, 9.223381996154785], "2_15": [0.05278811231255531, 9.304512977600098], "2_421": [4.867846965789795, 7.975459098815918], "2_586": [-3.6143739223480225, 10.40167236328125], "2_160": [-2.3224616050720215, 10.586199760437012], "2_39": [3.5341224670410156, 7.829615592956543], "2_66": [-3.826655864715576, 9.925028800964355], "2_310": [-1.9308894872665405, 10.3034086227417], "2_345": [0.6987631320953369, 9.44165325164795], "2_581": [-1.4856759309768677, 9.482422828674316], "2_518": [1.547593355178833, 9.378766059875488], "2_450": [-2.9649758338928223, 9.408369064331055], "2_567": [-2.339590072631836, 12.508697509765625], "2_115": [5.717996597290039, 8.218684196472168], "2_183": [-2.056419849395752, 11.107670783996582], "2_104": [-3.667999029159546, 10.675329208374023], "2_288": [-2.6651482582092285, 9.030476570129395], "2_420": [0.5705704092979431, 8.943994522094727], "2_49": [8.671226501464844, 2.1894335746765137], "2_433": [0.2838810384273529, 8.776571273803711], "2_428": [1.8566298484802246, 7.855364799499512], "2_1": [-3.1383235454559326, 10.51590633392334], "2_168": [4.386266708374023, 10.434663772583008], "2_155": [6.500333786010742, 8.040520668029785], "2_2": [-2.942168951034546, 13.182419776916504], "2_120": [-1.100541114807129, 11.895977973937988], "2_487": [-5.211801052093506, 13.115739822387695], "2_280": [-3.727200984954834, 9.84115219116211], "2_447": [4.059924125671387, 10.072715759277344], "2_148": [1.9219290018081665, 9.209166526794434], "2_532": [4.104690074920654, 10.052668571472168], "2_443": [-3.4650814533233643, 10.503170013427734], "2_475": [-5.612086772918701, 10.2486572265625], "2_92": [-0.4977244734764099, 9.5971097946167], "2_258": [-3.280751943588257, 11.120429039001465], "2_376": [-3.575256109237671, 11.024678230285645], "2_114": [-5.5589070320129395, 10.474946975708008], "2_246": [8.843452453613281, 5.516820907592773], "2_268": [-1.7369383573532104, 10.897408485412598], "2_221": [-2.5442183017730713, 10.332281112670898], "2_369": [4.564598083496094, 8.588696479797363], "2_103": [-1.4649423360824585, 12.000188827514648], "2_457": [-3.349954605102539, 10.338768005371094], "2_112": [-1.5821107625961304, 8.36075210571289], "2_174": [-4.238770961761475, 13.080734252929688], "2_490": [-3.1124138832092285, 9.981429100036621], "2_430": [2.806267261505127, 11.690299987792969], "2_434": [1.6877018213272095, 9.83185863494873], "2_541": [2.805253028869629, 8.166841506958008], "2_392": [-2.79465913772583, 10.764537811279297], "2_187": [-3.0509912967681885, 10.302885055541992], "2_113": [-1.0580743551254272, 11.176230430603027], "2_323": [-1.263342022895813, 11.176786422729492], "2_137": [2.0553135871887207, 8.439539909362793], "2_294": [-0.9693809151649475, 9.932393074035645], "2_359": [0.518582284450531, 8.59039306640625], "2_141": [1.8427948951721191, 8.318621635437012], "2_283": [-5.663111686706543, 10.951642990112305], "2_24": [1.133443832397461, 9.186805725097656], "2_197": [-5.825954437255859, 9.83710765838623], "2_493": [-4.0961456298828125, 12.440589904785156], "2_573": [-4.7154059410095215, 10.198486328125], "2_440": [-2.903701066970825, 10.142340660095215], "2_105": [-4.361483573913574, 10.67033863067627], "2_3": [-3.675983190536499, 11.335943222045898], "2_71": [2.7151408195495605, 8.127361297607422], "2_20": [5.911919593811035, 6.841292858123779], "2_463": [6.074739933013916, 4.301738262176514], "2_602": [6.252802848815918, 7.188178539276123], "2_88": [1.8914157152175903, 8.458637237548828], "2_172": [6.835878849029541, 7.138134479522705], "2_86": [5.073322772979736, 8.836932182312012], "2_154": [4.350636959075928, 8.993454933166504], "2_557": [8.232649803161621, -2.3258447647094727], "2_163": [3.1980862617492676, 9.308430671691895], "2_87": [7.403310775756836, 0.0687842071056366], "2_240": [6.885174751281738, -3.0137126445770264], "2_267": [5.825976371765137, 7.98431396484375], "2_278": [8.044903755187988, 0.9695837497711182], "2_284": [3.470269203186035, 8.387568473815918], "2_340": [6.178170204162598, 5.54689884185791], "2_536": [-1.8968344926834106, 9.845624923706055], "2_588": [2.9672656059265137, 8.499733924865723], "2_448": [3.088348150253296, 6.088622570037842], "2_79": [6.035562515258789, 7.791453838348389], "2_191": [7.2113823890686035, 6.739536285400391], "2_99": [5.409149169921875, 7.068551063537598], "2_208": [6.503589153289795, 7.058514595031738], "2_119": [8.570612907409668, 1.6979091167449951], "2_406": [8.002373695373535, 2.970506429672241], "2_423": [0.11097291111946106, 7.966108798980713], "2_55": [8.593212127685547, -1.302045226097107], "2_77": [1.6823586225509644, 8.66818618774414], "2_147": [3.1438217163085938, 8.252490997314453], "2_559": [2.511688232421875, 11.028186798095703], "2_444": [7.565692901611328, 1.5413330793380737], "2_299": [-3.8740031719207764, 11.13392162322998], "2_313": [-1.1038825511932373, 7.990996360778809], "2_125": [6.395867824554443, 4.866692066192627], "2_552": [4.714651107788086, 8.857477188110352], "2_181": [7.978439807891846, 3.006148099899292], "2_107": [6.16010046005249, 7.168371200561523], "2_347": [5.930786609649658, 4.906080722808838], "2_495": [2.753704786300659, 9.887561798095703], "2_525": [8.329551696777344, 8.083589553833008], "2_186": [-2.6714136600494385, 10.92816162109375], "2_506": [6.837613105773926, 9.990386962890625], "2_486": [7.530128002166748, 2.42913556098938], "2_149": [6.439636707305908, 5.859762191772461], "2_150": [1.444797396659851, 5.633422374725342], "2_12": [9.58662223815918, 0.3702215850353241], "2_611": [-1.6014310121536255, 10.169678688049316], "2_429": [5.578181743621826, 8.884978294372559], "2_127": [7.02591609954834, 6.0773234367370605], "2_36": [6.329099178314209, 8.554357528686523], "2_173": [8.112377166748047, 5.915541172027588],