{"2_223": [0.04600821062922478, 5.963085174560547], "2_370": [4.336428642272949, 3.8517141342163086], "2_556": [5.538856506347656, 5.310988426208496], "2_484": [3.665452241897583, 7.528411865234375], "2_498": [5.023923873901367, 5.348243713378906], "2_494": [0.3154843747615814, 6.3457489013671875], "2_477": [2.3739261627197266, 4.7260355949401855], "2_35": [5.947246551513672, 3.540205717086792], "2_279": [4.741623401641846, 7.27609920501709], "2_377": [-0.13122917711734772, 6.555605888366699], "2_595": [4.9451141357421875, 5.394002914428711], "2_464": [4.565938472747803, 7.1437835693359375], "2_408": [4.403824806213379, 4.48549747467041], "2_574": [4.6909942626953125, 5.10537576675415], "2_409": [6.631067276000977, 2.475059986114502], "2_549": [3.3254642486572266, 6.176498889923096], "2_598": [4.434983253479004, 5.9213995933532715], "2_73": [4.799341201782227, 6.780045509338379], "2_374": [3.913717269897461, 6.4220380783081055], "2_297": [4.3828582763671875, 6.825381755828857], "2_286": [-0.2572895884513855, 5.652511119842529], "2_509": [2.6442291736602783, 5.967257499694824], "2_508": [4.719291687011719, 4.844944000244141], "2_472": [1.5307947397232056, 6.5398383140563965], "2_227": [4.650287628173828, 5.961397647857666], "2_226": [2.4699323177337646, 6.781182289123535], "2_478": [1.9187484979629517, 4.916104793548584], "2_372": [5.613272666931152, 2.2085115909576416], "2_241": [5.566810607910156, 5.38507080078125], "2_109": [-0.6960378885269165, 7.09604024887085], "2_389": [2.8004441261291504, 4.623395919799805], "2_449": [3.230506181716919, 5.111701011657715], "2_50": [3.9049291610717773, 4.709266185760498], "2_84": [1.6505576372146606, 4.950870037078857], "2_322": [3.310455083847046, 5.044013977050781], "2_416": [0.6643370985984802, 5.922556400299072], "2_124": [4.254725456237793, 5.054145812988281], "2_206": [0.7378559708595276, 6.3446526527404785], "2_204": [4.830406665802002, 5.283541202545166], "2_380": [2.0310146808624268, 6.656402111053467], "2_622": [0.16325359046459198, 8.169510841369629], "2_583": [2.1026768684387207, 5.117640972137451], "2_456": [2.1414427757263184, 5.406269073486328], "2_461": [4.073709011077881, 7.180325984954834], "2_152": [2.718743085861206, 5.8822503089904785], "2_15": [2.030433177947998, 6.955832004547119], "2_421": [5.08734130859375, 6.232401371002197], "2_586": [1.9587748050689697, 7.900703430175781], "2_160": [2.9375081062316895, 6.076096534729004], "2_39": [3.3867874145507812, 5.6118645668029785], "2_66": [1.501904010772705, 7.330480575561523], "2_310": [2.896787166595459, 8.238521575927734], "2_345": [3.8443617820739746, 4.577753067016602], "2_581": [2.6927826404571533, 6.5550217628479], "2_518": [3.701430082321167, 6.9640583992004395], "2_450": [3.4706122875213623, 6.066753387451172], "2_567": [-0.2645833492279053, 7.44822359085083], "2_115": [2.465451955795288, 5.2360310554504395], "2_183": [0.9245379567146301, 7.30491304397583], "2_104": [1.0966994762420654, 7.573115825653076], "2_288": [2.0466582775115967, 5.047603130340576], "2_420": [4.135631561279297, 5.589111328125], "2_49": [6.4074296951293945, 3.8911938667297363], "2_433": [4.319804668426514, 5.566215991973877], "2_428": [3.8911349773406982, 2.871577024459839], "2_1": [3.695909261703491, 6.21030855178833], "2_168": [4.700497627258301, 5.980114936828613], "2_155": [3.8723552227020264, 3.6977131366729736], "2_2": [2.451136350631714, 8.281869888305664], "2_120": [1.2833322286605835, 7.936530590057373], "2_487": [-1.714221715927124, 7.378523349761963], "2_280": [2.1050541400909424, 5.159721374511719], "2_447": [5.899402141571045, 6.069021224975586], "2_148": [2.8541314601898193, 6.14343786239624], "2_532": [4.192147254943848, 5.57001256942749], "2_443": [1.760345458984375, 4.7576751708984375], "2_475": [1.1031004190444946, 7.579996109008789], "2_92": [2.56066632270813, 5.550036907196045], "2_258": [2.0330417156219482, 5.845495700836182], "2_376": [0.9890508055686951, 7.125488758087158], "2_114": [-0.4374042749404907, 6.105112075805664], "2_246": [7.0130414962768555, 3.9816105365753174], "2_268": [0.5742858648300171, 5.962759017944336], "2_221": [3.1869254112243652, 6.457076549530029], "2_369": [5.017374515533447, 5.602051258087158], "2_103": [4.01582670211792, 6.887156009674072], "2_457": [1.2957738637924194, 6.448855400085449], "2_112": [3.11824369430542, 6.090148448944092], "2_174": [0.8602772951126099, 7.478389263153076], "2_490": [1.861101508140564, 6.725378036499023], "2_430": [4.997549533843994, 6.58473539352417], "2_434": [2.05615496635437, 6.434202194213867], "2_541": [1.1121976375579834, 5.021087169647217], "2_392": [2.7048964500427246, 6.918145179748535], "2_187": [2.5943193435668945, 6.812044620513916], "2_113": [2.0066537857055664, 6.349156856536865], "2_323": [3.394526720046997, 5.951679706573486], "2_137": [4.125788688659668, 5.376499652862549], "2_294": [1.8894726037979126, 6.970340251922607], "2_359": [3.317314863204956, 5.2083587646484375], "2_141": [2.3165948390960693, 5.633753776550293], "2_283": [-2.0901472568511963, 7.243493556976318], "2_24": [1.115755319595337, 5.575427532196045], "2_197": [0.07348616421222687, 6.020599842071533], "2_493": [0.5021687746047974, 6.799088001251221], "2_573": [-1.1384665966033936, 6.235324859619141], "2_440": [1.1634255647659302, 6.474143981933594], "2_105": [0.8817106485366821, 6.903130531311035], "2_3": [0.9284204840660095, 5.447490692138672], "2_71": [2.2691972255706787, 4.530680179595947], "2_20": [4.971800327301025, 5.022519111633301], "2_463": [4.6903886795043945, 4.324459552764893], "2_602": [4.559592247009277, 5.166440010070801], "2_88": [3.934671640396118, 5.171032905578613], "2_172": [3.429736614227295, 5.559134483337402], "2_86": [4.803028106689453, 5.133015155792236], "2_154": [5.354774475097656, 6.02573823928833], "2_557": [5.8284173011779785, 0.502535879611969], "2_163": [3.683567523956299, 4.31032133102417], "2_87": [4.527268886566162, 3.679081916809082], "2_240": [5.7502851486206055, 1.2103816270828247], "2_267": [3.892462730407715, 5.653196811676025], "2_278": [5.536625862121582, 3.17427134513855], "2_284": [3.4159388542175293, 5.8126301765441895], "2_340": [3.8104093074798584, 3.1972179412841797], "2_536": [2.4710986614227295, 5.4883527755737305], "2_588": [5.06655740737915, 5.929995059967041], "2_448": [4.651427268981934, 2.8366687297821045], "2_79": [5.936257839202881, 4.468085765838623], "2_191": [5.1753411293029785, 4.5915703773498535], "2_99": [4.69666051864624, 4.297758102416992], "2_208": [5.713647365570068, 6.259927749633789], "2_119": [5.945648193359375, 2.446885824203491], "2_406": [4.8782572746276855, 3.6901283264160156], "2_423": [2.898033618927002, 4.838020324707031], "2_55": [6.153780937194824, 3.071737289428711], "2_77": [4.115673065185547, 4.864900588989258], "2_147": [5.061000823974609, 2.5032706260681152], "2_559": [5.303282737731934, 7.131630897521973], "2_444": [5.5597453117370605, 5.352580547332764], "2_299": [3.24967885017395, 5.5034661293029785], "2_313": [2.3389551639556885, 5.076083660125732], "2_125": [4.806504726409912, 3.4169676303863525], "2_552": [5.143914222717285, 4.523380279541016], "2_181": [5.4092559814453125, 4.243085861206055], "2_107": [5.06408166885376, 5.435586929321289], "2_347": [5.549131393432617, 2.66652774810791], "2_495": [4.319204807281494, 5.66663932800293], "2_525": [5.957696437835693, 3.6286113262176514], "2_186": [1.2740644216537476, 6.3469319343566895], "2_506": [4.789709568023682, 3.6133627891540527], "2_486": [4.705444812774658, 1.5386004447937012], "2_149": [5.286683559417725, 5.854943752288818], "2_150": [4.956679821014404, 4.1344804763793945], "2_12": [6.495641708374023, 3.344592809677124], "2_611": [4.859309673309326, 5.0422892570495605], "2_429": [2.977461099624634, 6.4244890213012695], "2_127": [5.155118942260742, 5.046483039855957], "2_36": [5.8019328117370605, 1.953871250152588], "2_173": [6.307898998260498, 2.693009614944458], "2_295": [4.799746990203857, 3.8582053184509277],