{"2_223": [2.5106425285339355, 5.524623394012451], "2_370": [3.6138432025909424, 4.057127952575684], "2_556": [4.646354675292969, 4.771967887878418], "2_484": [4.263309478759766, 5.4222540855407715], "2_498": [4.108386039733887, 4.862355709075928], "2_494": [2.287745952606201, 5.695879936218262], "2_477": [2.428396701812744, 5.167929172515869], "2_35": [4.922017574310303, 4.27189826965332], "2_279": [5.3636884689331055, 6.3946733474731445], "2_377": [2.134638786315918, 5.296234130859375], "2_595": [4.789098739624023, 3.7290070056915283], "2_464": [4.994832515716553, 6.061068058013916], "2_408": [3.562041997909546, 5.710347652435303], "2_574": [4.482177734375, 4.514585018157959], "2_409": [5.2021307945251465, 3.8698506355285645], "2_549": [4.018599987030029, 5.506167411804199], "2_598": [4.1243391036987305, 4.2356276512146], "2_73": [4.7717390060424805, 5.486059665679932], "2_374": [3.3874094486236572, 5.035667419433594], "2_297": [4.164063930511475, 5.3712592124938965], "2_286": [1.6600180864334106, 4.923741340637207], "2_509": [3.3950605392456055, 4.950883865356445], "2_508": [4.3089518547058105, 4.032558917999268], "2_472": [2.842451810836792, 5.261101245880127], "2_227": [4.764631271362305, 5.705064296722412], "2_226": [3.0265824794769287, 5.688048839569092], "2_478": [4.2488884925842285, 4.721341609954834], "2_372": [4.75618314743042, 3.6625661849975586], "2_241": [4.965146541595459, 4.6484270095825195], "2_109": [0.7409312129020691, 6.762221813201904], "2_389": [2.7520530223846436, 3.850421190261841], "2_449": [3.8210926055908203, 4.893128395080566], "2_50": [4.780628204345703, 4.78795862197876], "2_84": [2.194955825805664, 5.735940933227539], "2_322": [4.501810550689697, 5.0296196937561035], "2_416": [1.6746807098388672, 5.091022968292236], "2_124": [4.176488876342773, 5.207592487335205], "2_206": [1.9096165895462036, 5.585162162780762], "2_204": [4.140781879425049, 4.304610252380371], "2_380": [3.8678689002990723, 4.724273204803467], "2_622": [2.116286516189575, 6.311135768890381], "2_583": [2.783626079559326, 4.931704044342041], "2_456": [2.996617317199707, 5.042937755584717], "2_461": [4.663581371307373, 6.418071746826172], "2_152": [3.2628085613250732, 4.5722479820251465], "2_15": [3.7671146392822266, 4.5697479248046875], "2_421": [4.8332366943359375, 4.28919792175293], "2_586": [2.6640799045562744, 5.574747085571289], "2_160": [3.2674508094787598, 5.515665531158447], "2_39": [3.8526885509490967, 4.495082378387451], "2_66": [2.4904003143310547, 5.529911041259766], "2_310": [2.6487085819244385, 5.5107221603393555], "2_345": [3.656477689743042, 4.362736701965332], "2_581": [3.231046676635742, 5.560691833496094], "2_518": [3.901158571243286, 5.402546405792236], "2_450": [2.708009958267212, 4.884439945220947], "2_567": [2.848982095718384, 6.118573188781738], "2_115": [4.784848213195801, 5.389134407043457], "2_183": [3.2212114334106445, 6.205286026000977], "2_104": [2.2296712398529053, 6.239923000335693], "2_288": [2.4133570194244385, 5.091785907745361], "2_420": [3.8384742736816406, 4.756283283233643], "2_49": [5.5422515869140625, 4.183278560638428], "2_433": [4.025008678436279, 5.602362155914307], "2_428": [3.0571601390838623, 4.089802265167236], "2_1": [3.0503127574920654, 5.65454626083374], "2_168": [4.047945499420166, 6.834339141845703], "2_155": [4.741607666015625, 4.078800678253174], "2_2": [4.285604953765869, 6.925220966339111], "2_120": [3.159794569015503, 6.702266693115234], "2_487": [0.8516664505004883, 6.9661865234375], "2_280": [2.798137903213501, 5.7368340492248535], "2_447": [4.9215192794799805, 5.531425952911377], "2_148": [3.5170347690582275, 5.039748191833496], "2_532": [4.5437726974487305, 6.73458194732666], "2_443": [2.4425439834594727, 5.720416069030762], "2_475": [2.439080238342285, 5.883129596710205], "2_92": [3.4873178005218506, 5.57000207901001], "2_258": [2.9678738117218018, 5.266071319580078], "2_376": [2.897798538208008, 5.8638200759887695], "2_114": [1.8137998580932617, 5.077588081359863], "2_246": [5.276379585266113, 4.151418209075928], "2_268": [3.265174388885498, 5.795461177825928], "2_221": [3.4551615715026855, 5.291044235229492], "2_369": [3.5355944633483887, 5.162174701690674], "2_103": [3.327388286590576, 5.832229137420654], "2_457": [3.5603244304656982, 5.327941417694092], "2_112": [2.432244062423706, 4.600955963134766], "2_174": [3.4485089778900146, 6.0492987632751465], "2_490": [2.8230910301208496, 5.476503372192383], "2_430": [4.857105255126953, 7.64851188659668], "2_434": [5.088530540466309, 6.607697486877441], "2_541": [2.0129637718200684, 4.412546157836914], "2_392": [2.9306609630584717, 5.489803314208984], "2_187": [3.2193562984466553, 5.360702991485596], "2_113": [4.751518249511719, 6.472115516662598], "2_323": [3.2041895389556885, 6.4709391593933105], "2_137": [3.6671793460845947, 4.937805652618408], "2_294": [2.3034474849700928, 5.9224042892456055], "2_359": [3.38733172416687, 5.476217269897461], "2_141": [3.494274616241455, 4.779926300048828], "2_283": [0.7940220236778259, 6.709750652313232], "2_24": [3.2342746257781982, 5.187561988830566], "2_197": [1.1303200721740723, 5.2724080085754395], "2_493": [2.233513832092285, 7.4449663162231445], "2_573": [1.1855169534683228, 5.174792289733887], "2_440": [3.118943691253662, 5.340498924255371], "2_105": [1.9367369413375854, 5.44529390335083], "2_3": [3.454469919204712, 5.463310718536377], "2_71": [4.289968967437744, 4.3803582191467285], "2_20": [4.775084495544434, 5.108550071716309], "2_463": [4.467082977294922, 4.579894065856934], "2_602": [4.683788776397705, 4.666100978851318], "2_88": [4.487061500549316, 4.806118965148926], "2_172": [3.8589842319488525, 3.893608808517456], "2_86": [4.3430705070495605, 5.027864933013916], "2_154": [3.462955951690674, 5.05782413482666], "2_557": [5.172562122344971, 1.2315741777420044], "2_163": [4.130486011505127, 5.097449779510498], "2_87": [4.776252746582031, 2.4987547397613525], "2_240": [4.813015460968018, 2.4093410968780518], "2_267": [4.792614936828613, 5.0396199226379395], "2_278": [5.423388481140137, 3.9269938468933105], "2_284": [3.2706453800201416, 4.145561695098877], "2_340": [3.5447726249694824, 3.3653454780578613], "2_536": [2.972787380218506, 4.703244686126709], "2_588": [4.0542311668396, 4.878276348114014], "2_448": [3.5793569087982178, 3.9686386585235596], "2_79": [5.154752731323242, 4.912883758544922], "2_191": [5.117250442504883, 4.001956462860107], "2_99": [4.839353561401367, 4.75217866897583], "2_208": [5.231595516204834, 4.47554874420166], "2_119": [5.514747619628906, 3.4990200996398926], "2_406": [4.926112174987793, 3.661607265472412], "2_423": [2.8132143020629883, 4.6946306228637695], "2_55": [5.66733980178833, 3.4286906719207764], "2_77": [3.3958349227905273, 4.675057888031006], "2_147": [4.05974817276001, 3.7845993041992188], "2_559": [5.1111860275268555, 5.865885257720947], "2_444": [6.001475811004639, 4.808875560760498], "2_299": [1.748268723487854, 6.882713794708252], "2_313": [3.8569064140319824, 4.122223377227783], "2_125": [4.469080448150635, 4.0299601554870605], "2_552": [4.610430717468262, 5.091654300689697], "2_181": [5.276045799255371, 3.6624834537506104], "2_107": [4.494573593139648, 4.297347545623779], "2_347": [4.386404991149902, 2.716346263885498], "2_495": [3.496141195297241, 5.721630096435547], "2_525": [5.831584930419922, 5.493792533874512], "2_186": [2.6161773204803467, 5.635313510894775], "2_506": [5.346512317657471, 4.899575710296631], "2_486": [5.214812755584717, 3.2532002925872803], "2_149": [4.458746910095215, 5.111608505249023], "2_150": [2.9363794326782227, 4.39033842086792], "2_12": [5.796931266784668, 3.9103338718414307], "2_611": [3.5533714294433594, 5.72360372543335], "2_429": [4.598154544830322, 5.516697406768799], "2_127": [5.632187366485596, 5.336538314819336], "2_36": [4.266478061676025, 3.619584798812866], "2_173": [5.576562404632568, 5.5531744956970215], "2_295": [3.8967480659484863, 4.768693923950195], "2_356": [6.464699745178223, 4.18218469619751],