{"2_223": [1.8833664655685425, 5.566163063049316], "2_370": [4.713448524475098, 2.8870081901550293], "2_556": [5.052762031555176, 4.777512550354004], "2_484": [3.753054141998291, 5.809316635131836], "2_498": [4.337684154510498, 5.142148971557617], "2_494": [1.0068974494934082, 6.235500812530518], "2_477": [2.7207157611846924, 5.5310378074646], "2_35": [6.358610153198242, 1.1806992292404175], "2_279": [5.233177661895752, 5.121427536010742], "2_377": [0.6881611943244934, 5.5320210456848145], "2_595": [5.063296794891357, 3.0311639308929443], "2_464": [5.161764144897461, 5.805580139160156], "2_408": [5.7421040534973145, 5.027225017547607], "2_574": [5.2344841957092285, 3.2451488971710205], "2_409": [7.142620086669922, 0.20637091994285583], "2_549": [4.328800678253174, 4.468019008636475], "2_598": [4.984938621520996, 3.6701912879943848], "2_73": [5.080545902252197, 5.3253655433654785], "2_374": [2.5991170406341553, 5.501506328582764], "2_297": [4.483063220977783, 5.647444725036621], "2_286": [0.03800255432724953, 5.797453880310059], "2_509": [1.857417106628418, 5.639492511749268], "2_508": [5.268219947814941, 2.5033771991729736], "2_472": [1.7087597846984863, 6.070888996124268], "2_227": [5.236663341522217, 5.179523944854736], "2_226": [1.7674986124038696, 5.793046951293945], "2_478": [3.7583606243133545, 4.618414402008057], "2_372": [6.667123317718506, 0.35660257935523987], "2_241": [6.6087236404418945, 3.8780505657196045], "2_109": [-0.5795636177062988, 6.688392639160156], "2_389": [4.1191487312316895, 2.6947622299194336], "2_449": [3.4440531730651855, 5.339084148406982], "2_50": [5.498685836791992, 3.304993152618408], "2_84": [1.754508376121521, 5.375000476837158], "2_322": [4.4483323097229, 4.457258701324463], "2_416": [0.6827064752578735, 5.5326995849609375], "2_124": [4.712191104888916, 3.590517997741699], "2_206": [-0.13196851313114166, 6.413760185241699], "2_204": [4.327129364013672, 4.651329517364502], "2_380": [2.6419920921325684, 5.621132850646973], "2_622": [-1.0493443012237549, 7.029690265655518], "2_583": [1.9503531455993652, 4.531279563903809], "2_456": [2.018897771835327, 5.260209083557129], "2_461": [3.635953664779663, 6.51509952545166], "2_152": [3.5853841304779053, 4.597729682922363], "2_15": [2.2267990112304688, 5.538944721221924], "2_421": [5.384603023529053, 3.9152450561523438], "2_586": [1.2553255558013916, 6.270571708679199], "2_160": [2.034101963043213, 6.345160484313965], "2_39": [3.6985483169555664, 4.800929546356201], "2_66": [1.7637872695922852, 5.949794769287109], "2_310": [3.0479118824005127, 5.739015102386475], "2_345": [3.7823221683502197, 4.621615886688232], "2_581": [2.525437593460083, 5.430176734924316], "2_518": [3.6141884326934814, 6.147950649261475], "2_450": [2.7411627769470215, 5.114125728607178], "2_567": [0.13738417625427246, 7.64534330368042], "2_115": [4.227331638336182, 5.384649753570557], "2_183": [2.2575504779815674, 6.598717212677002], "2_104": [0.4556475877761841, 6.397351264953613], "2_288": [1.3469487428665161, 5.454273223876953], "2_420": [4.406341552734375, 4.159744739532471], "2_49": [7.109234809875488, 0.38840070366859436], "2_433": [3.445427417755127, 5.9677019119262695], "2_428": [3.8895416259765625, 3.6427650451660156], "2_1": [3.5440967082977295, 5.421083450317383], "2_168": [4.731377601623535, 5.967534065246582], "2_155": [4.976161003112793, 3.640625238418579], "2_2": [2.476656436920166, 7.610721588134766], "2_120": [2.44346284866333, 6.644111633300781], "2_487": [-1.3102378845214844, 7.593781471252441], "2_280": [2.683382272720337, 5.846038341522217], "2_447": [6.420190334320068, 4.252402305603027], "2_148": [2.2938525676727295, 6.041472911834717], "2_532": [4.749074459075928, 5.96452522277832], "2_443": [3.026991128921509, 5.44050407409668], "2_475": [0.7597147822380066, 6.779995441436768], "2_92": [3.168032169342041, 5.659715175628662], "2_258": [2.4339640140533447, 5.771897792816162], "2_376": [1.2150802612304688, 6.659525394439697], "2_114": [-0.05138273537158966, 6.140858173370361], "2_246": [7.084349632263184, 1.194777011871338], "2_268": [2.322925090789795, 6.461043834686279], "2_221": [1.9392019510269165, 5.492295265197754], "2_369": [4.448220252990723, 5.299388408660889], "2_103": [2.965131998062134, 6.274765491485596], "2_457": [2.347954273223877, 5.712892532348633], "2_112": [3.7131810188293457, 4.33221960067749], "2_174": [0.3723793625831604, 7.0560126304626465], "2_490": [2.1454970836639404, 5.820014953613281], "2_430": [5.107034206390381, 6.804690361022949], "2_434": [4.371366500854492, 6.32089376449585], "2_541": [2.114126443862915, 3.651604413986206], "2_392": [2.3826780319213867, 5.904035568237305], "2_187": [2.800152540206909, 5.651519775390625], "2_113": [5.124512195587158, 6.2068610191345215], "2_323": [2.536715030670166, 6.146861553192139], "2_137": [4.171818256378174, 4.94024133682251], "2_294": [1.1313623189926147, 6.766918659210205], "2_359": [3.446087598800659, 4.74662971496582], "2_141": [2.877748489379883, 4.971752643585205], "2_283": [-2.0497076511383057, 7.295706748962402], "2_24": [1.9636223316192627, 5.178743362426758], "2_197": [-0.340924471616745, 5.094969272613525], "2_493": [0.27394887804985046, 7.646933078765869], "2_573": [-0.6202737092971802, 5.7462382316589355], "2_440": [2.649782180786133, 5.739584445953369], "2_105": [0.8934652805328369, 6.346309185028076], "2_3": [1.987726092338562, 6.162849426269531], "2_71": [4.975491046905518, 4.024579048156738], "2_20": [5.449595928192139, 4.367827415466309], "2_463": [5.535490036010742, 1.0962910652160645], "2_602": [4.5576276779174805, 3.146394729614258], "2_88": [6.287896156311035, 2.733147144317627], "2_172": [4.788565635681152, 3.213054656982422], "2_86": [5.435850620269775, 4.030123233795166], "2_154": [5.275484561920166, 4.765181541442871], "2_557": [6.349144458770752, -0.7689188122749329], "2_163": [5.709024906158447, 3.607412338256836], "2_87": [5.214853763580322, 1.0137414932250977], "2_240": [6.195359706878662, -0.8398925065994263], "2_267": [5.690249919891357, 3.2796237468719482], "2_278": [7.378175258636475, 0.6029177904129028], "2_284": [4.248775005340576, 0.9168055653572083], "2_340": [4.756079196929932, 1.6109769344329834], "2_536": [2.0460774898529053, 5.260720252990723], "2_588": [5.373307228088379, 4.596907138824463], "2_448": [5.486449718475342, 1.098098874092102], "2_79": [7.015485763549805, 2.0827062129974365], "2_191": [5.512716293334961, 3.0745060443878174], "2_99": [6.187725067138672, 1.8902461528778076], "2_208": [6.753820896148682, 2.188390016555786], "2_119": [7.484497547149658, 0.44390466809272766], "2_406": [6.056255340576172, 0.6722949743270874], "2_423": [2.8616127967834473, 4.0193562507629395], "2_55": [7.937022686004639, 0.2755763828754425], "2_77": [4.9813032150268555, 3.385399580001831], "2_147": [5.437890529632568, 0.0766276866197586], "2_559": [5.112005233764648, 3.6860830783843994], "2_444": [6.672388076782227, 2.4251348972320557], "2_299": [2.7807581424713135, 5.491999626159668], "2_313": [3.6244232654571533, 3.7674880027770996], "2_125": [6.350247859954834, 1.60800039768219], "2_552": [5.449494361877441, 4.497935771942139], "2_181": [6.102449417114258, 1.515787959098816], "2_107": [6.745437145233154, 1.682627558708191], "2_347": [5.713100910186768, -2.05922269821167], "2_495": [5.2586445808410645, 4.601075172424316], "2_525": [6.838529586791992, 2.897864818572998], "2_186": [0.5927211046218872, 6.347646713256836], "2_506": [6.37076473236084, 3.4529881477355957], "2_486": [6.672910690307617, -0.04616262763738632], "2_149": [5.613160610198975, 3.460003614425659], "2_150": [4.5422773361206055, 2.047287702560425], "2_12": [7.276057243347168, 0.622567892074585], "2_611": [5.595422267913818, 3.850038766860962], "2_429": [4.956863880157471, 5.144663333892822], "2_127": [6.1314263343811035, 2.6007919311523438], "2_36": [6.551784515380859, 0.044814690947532654], "2_173": [7.243478298187256, 1.0945439338684082], "2_295": [5.236340045928955, 3.429515838623047],