{"2_223": [-4.178499698638916, 8.534154891967773], "2_370": [2.4238364696502686, 4.4428253173828125], "2_556": [3.8348779678344727, 6.06366491317749], "2_484": [3.221343755722046, 7.284491539001465], "2_498": [3.972825527191162, 6.270132064819336], "2_494": [-3.097797155380249, 8.418670654296875], "2_477": [-2.5015270709991455, 7.8917341232299805], "2_35": [4.07393217086792, 5.197183132171631], "2_279": [6.6047892570495605, 6.24905252456665], "2_377": [-2.761805772781372, 7.376055717468262], "2_595": [5.898894309997559, 1.135577917098999], "2_464": [4.829161167144775, 7.079188823699951], "2_408": [0.6293508410453796, 8.064661026000977], "2_574": [5.228390216827393, 4.834318161010742], "2_409": [7.009551048278809, -0.9662207365036011], "2_549": [3.0447092056274414, 6.5962347984313965], "2_598": [4.496594429016113, 4.996660232543945], "2_73": [3.9771668910980225, 7.632836818695068], "2_374": [2.973581075668335, 5.6034626960754395], "2_297": [4.3229546546936035, 7.014493942260742], "2_286": [-3.2673048973083496, 6.805565357208252], "2_509": [-1.3941384553909302, 7.3448591232299805], "2_508": [5.143729209899902, 3.8569893836975098], "2_472": [-0.5548542737960815, 7.016749382019043], "2_227": [3.5955183506011963, 7.805671691894531], "2_226": [-2.670748233795166, 7.943969249725342], "2_478": [0.387667715549469, 6.715749740600586], "2_372": [6.279351234436035, 2.2849602699279785], "2_241": [5.651926040649414, 6.201740264892578], "2_109": [-4.086012840270996, 9.978551864624023], "2_389": [1.164258599281311, 5.2278242111206055], "2_449": [0.5909915566444397, 6.9066996574401855], "2_50": [5.751792907714844, 4.586331844329834], "2_84": [-1.0452920198440552, 6.309571266174316], "2_322": [3.451659679412842, 5.980181694030762], "2_416": [-4.067461013793945, 7.138767242431641], "2_124": [3.7168049812316895, 6.55903434753418], "2_206": [-1.7757329940795898, 7.598171710968018], "2_204": [5.9497599601745605, 2.7254066467285156], "2_380": [-1.61858332157135, 7.496814727783203], "2_622": [-3.1670706272125244, 8.599082946777344], "2_583": [0.034058403223752975, 6.2552337646484375], "2_456": [-0.8800044059753418, 7.36981725692749], "2_461": [2.3201563358306885, 8.335165023803711], "2_152": [2.121580123901367, 6.1133952140808105], "2_15": [1.5523160696029663, 6.436933517456055], "2_421": [5.0275044441223145, 4.962245941162109], "2_586": [-2.563126802444458, 7.547389507293701], "2_160": [-0.6828991174697876, 7.993340492248535], "2_39": [4.214188098907471, 5.032104015350342], "2_66": [-2.244342565536499, 7.036992073059082], "2_310": [0.5308582186698914, 7.79332160949707], "2_345": [1.406900405883789, 6.553158760070801], "2_581": [-0.301676869392395, 7.0757646560668945], "2_518": [1.7663278579711914, 6.89985466003418], "2_450": [-1.7633681297302246, 6.943643093109131], "2_567": [-1.7450716495513916, 9.667767524719238], "2_115": [4.83198881149292, 6.681294918060303], "2_183": [-0.3853182792663574, 8.716666221618652], "2_104": [-2.3650197982788086, 8.72058391571045], "2_288": [-1.4737643003463745, 6.58453893661499], "2_420": [2.3228368759155273, 6.090643405914307], "2_49": [6.812252044677734, 0.761381983757019], "2_433": [2.408649206161499, 6.800905704498291], "2_428": [1.971466302871704, 5.088065147399902], "2_1": [-0.7430615425109863, 7.963007926940918], "2_168": [4.028705596923828, 8.686444282531738], "2_155": [5.468952178955078, 4.842921257019043], "2_2": [-0.6426511406898499, 10.591392517089844], "2_120": [0.48800569772720337, 9.427027702331543], "2_487": [-4.0509867668151855, 9.920560836791992], "2_280": [-1.8954894542694092, 7.64059591293335], "2_447": [5.182715892791748, 7.928359508514404], "2_148": [2.5323567390441895, 6.696162223815918], "2_532": [5.733451843261719, 7.464893817901611], "2_443": [-1.9405063390731812, 8.056258201599121], "2_475": [-4.162445068359375, 8.054454803466797], "2_92": [0.9519712924957275, 7.693145275115967], "2_258": [-1.4704409837722778, 8.238850593566895], "2_376": [-2.023796319961548, 8.824515342712402], "2_114": [-4.414553642272949, 8.072535514831543], "2_246": [6.930215358734131, 3.1031486988067627], "2_268": [-0.10543922334909439, 8.366466522216797], "2_221": [-1.3353850841522217, 8.033255577087402], "2_369": [5.156085968017578, 5.398760795593262], "2_103": [-0.8773113489151001, 8.888426780700684], "2_457": [-1.7648555040359497, 7.9403181076049805], "2_112": [0.23795245587825775, 5.572673320770264], "2_174": [-3.651721239089966, 9.816760063171387], "2_490": [-2.0364201068878174, 7.390786647796631], "2_430": [4.343501567840576, 9.994129180908203], "2_434": [3.1092708110809326, 8.057633399963379], "2_541": [1.8830386400222778, 5.755063056945801], "2_392": [-1.2824984788894653, 8.329604148864746], "2_187": [-1.5830353498458862, 7.739574432373047], "2_113": [1.0492609739303589, 8.81561279296875], "2_323": [-0.3028515875339508, 9.193561553955078], "2_137": [3.098578453063965, 5.902458190917969], "2_294": [0.24470403790473938, 7.85327672958374], "2_359": [1.3988807201385498, 6.43133544921875], "2_141": [2.3601489067077637, 5.746918678283691], "2_283": [-4.1137919425964355, 8.691006660461426], "2_24": [0.8868999481201172, 6.704585552215576], "2_197": [-4.76656436920166, 7.827160835266113], "2_493": [-2.546983003616333, 10.700901985168457], "2_573": [-3.6221046447753906, 7.01536226272583], "2_440": [-0.6971254348754883, 7.461038112640381], "2_105": [-3.1077938079833984, 7.704738140106201], "2_3": [-2.0915286540985107, 9.050686836242676], "2_71": [2.930981397628784, 5.417206764221191], "2_20": [6.058377265930176, 3.7378592491149902], "2_463": [5.189950466156006, 1.2240263223648071], "2_602": [5.4907145500183105, 4.539309978485107], "2_88": [3.49841046333313, 6.171984672546387], "2_172": [5.2639994621276855, 2.7290496826171875], "2_86": [5.670227527618408, 4.49489688873291], "2_154": [4.350320339202881, 6.440493583679199], "2_557": [6.527778148651123, -2.695007801055908], "2_163": [3.07012939453125, 6.702996730804443], "2_87": [5.922800540924072, -1.3281737565994263], "2_240": [5.698000907897949, -3.0970571041107178], "2_267": [5.773135662078857, 4.956321716308594], "2_278": [7.108327388763428, -0.07684431970119476], "2_284": [3.5507967472076416, 4.6202287673950195], "2_340": [4.774956226348877, 2.2975995540618896], "2_536": [-0.8222330808639526, 7.021115303039551], "2_588": [3.8112661838531494, 6.241637229919434], "2_448": [2.7668955326080322, 3.7233757972717285], "2_79": [6.201598167419434, 4.321900844573975], "2_191": [6.089654445648193, 4.082603931427002], "2_99": [5.278174877166748, 3.8928165435791016], "2_208": [5.9122395515441895, 4.253490924835205], "2_119": [6.720762729644775, -0.03650776296854019], "2_406": [6.304278373718262, 0.44280633330345154], "2_423": [2.257477045059204, 5.269645690917969], "2_55": [7.184269905090332, -1.412585735321045], "2_77": [2.7149786949157715, 5.995308876037598], "2_147": [3.1818747520446777, 5.816167831420898], "2_559": [4.751904487609863, 8.054779052734375], "2_444": [6.654788017272949, 0.45565956830978394], "2_299": [-2.2238807678222656, 8.729045867919922], "2_313": [0.29685309529304504, 5.9893012046813965], "2_125": [5.532965660095215, 1.69662344455719], "2_552": [4.369289875030518, 6.756459712982178], "2_181": [6.449172496795654, 0.5875831842422485], "2_107": [5.40998649597168, 3.645864486694336], "2_347": [4.573288440704346, 0.9349142909049988], "2_495": [3.9255995750427246, 6.787630081176758], "2_525": [7.542016983032227, 5.497791767120361], "2_186": [-0.9959345459938049, 7.88094425201416], "2_506": [6.495561122894287, 6.452181816101074], "2_486": [5.9034857749938965, 0.6836574077606201], "2_149": [5.566176414489746, 4.09608268737793], "2_150": [2.564847707748413, 4.105859279632568], "2_12": [7.579161167144775, 0.425236314535141], "2_611": [0.6688798666000366, 7.6069135665893555], "2_429": [5.460746765136719, 6.173731803894043], "2_127": [7.159618854522705, 4.681413173675537], "2_36": [5.027386665344238, 4.250773906707764], "2_173": [7.15534782409668, 3.264815330505371],