{"2_223": [-0.2645977735519409, 5.7430806159973145], "2_370": [3.7311320304870605, 4.503654956817627], "2_556": [5.457829475402832, 5.564470291137695], "2_484": [2.913806676864624, 5.049137115478516], "2_498": [5.040243625640869, 5.00253963470459], "2_494": [0.3158656656742096, 6.277394771575928], "2_477": [1.7266628742218018, 4.709458827972412], "2_35": [5.437742710113525, 3.690269947052002], "2_279": [3.520655632019043, 7.633890628814697], "2_377": [0.492674857378006, 6.3983683586120605], "2_595": [4.7261199951171875, 4.654074192047119], "2_464": [4.892165184020996, 7.8485541343688965], "2_408": [3.910529375076294, 4.014716148376465], "2_574": [4.093329429626465, 4.942898750305176], "2_409": [5.468258380889893, 2.956181287765503], "2_549": [4.350142955780029, 6.489930629730225], "2_598": [3.746764898300171, 4.913996696472168], "2_73": [3.9298582077026367, 7.324156761169434], "2_374": [3.6351943016052246, 5.917523384094238], "2_297": [3.6405179500579834, 5.810101509094238], "2_286": [-1.0282859802246094, 5.782863616943359], "2_509": [3.4225263595581055, 6.0021867752075195], "2_508": [4.948342323303223, 3.9714596271514893], "2_472": [1.4740078449249268, 6.5301103591918945], "2_227": [3.6961631774902344, 6.674717903137207], "2_226": [1.4601892232894897, 7.25856351852417], "2_478": [2.520374059677124, 4.956961154937744], "2_372": [5.623060703277588, 2.7902886867523193], "2_241": [4.516368865966797, 4.816112041473389], "2_109": [0.05301506072282791, 7.790616512298584], "2_389": [2.572127342224121, 4.352260112762451], "2_449": [3.430846929550171, 5.467351913452148], "2_50": [4.38190221786499, 4.527542591094971], "2_84": [2.195692777633667, 4.695417404174805], "2_322": [3.417696952819824, 5.254910469055176], "2_416": [0.37989017367362976, 5.810650825500488], "2_124": [3.8001418113708496, 4.67604398727417], "2_206": [1.181598424911499, 6.631633758544922], "2_204": [3.5680465698242188, 4.98516321182251], "2_380": [2.6420936584472656, 5.516631603240967], "2_622": [0.22445829212665558, 7.375947952270508], "2_583": [2.081801176071167, 5.379355430603027], "2_456": [2.1856887340545654, 5.102550983428955], "2_461": [4.835487365722656, 8.229069709777832], "2_152": [2.7944986820220947, 5.334683418273926], "2_15": [2.661513090133667, 6.881563186645508], "2_421": [5.074969291687012, 5.407556056976318], "2_586": [1.6908516883850098, 7.0623931884765625], "2_160": [3.184448480606079, 6.816910266876221], "2_39": [4.035118579864502, 5.278240203857422], "2_66": [1.3590317964553833, 6.703761100769043], "2_310": [2.876291513442993, 6.839263916015625], "2_345": [3.5106236934661865, 4.8433403968811035], "2_581": [2.116443157196045, 6.828146457672119], "2_518": [3.631019353866577, 6.354966640472412], "2_450": [3.08272647857666, 6.578972816467285], "2_567": [1.1042250394821167, 7.307405948638916], "2_115": [3.5651602745056152, 6.559143543243408], "2_183": [0.8691886067390442, 6.690302848815918], "2_104": [1.8444607257843018, 7.816468238830566], "2_288": [1.1545499563217163, 5.611069202423096], "2_420": [2.8389904499053955, 3.8281335830688477], "2_49": [5.83182954788208, 3.1486101150512695], "2_433": [3.1296005249023438, 6.290629863739014], "2_428": [3.400496482849121, 3.1845996379852295], "2_1": [3.2509706020355225, 4.7308549880981445], "2_168": [4.101938247680664, 6.432827472686768], "2_155": [4.18152379989624, 3.6878490447998047], "2_2": [2.815809726715088, 8.285210609436035], "2_120": [0.5663850903511047, 8.071025848388672], "2_487": [-1.0399186611175537, 7.2168121337890625], "2_280": [2.6598098278045654, 5.2115373611450195], "2_447": [5.088832855224609, 5.675944805145264], "2_148": [2.4017159938812256, 6.835098743438721], "2_532": [3.9549968242645264, 6.009954929351807], "2_443": [2.1677608489990234, 4.486812591552734], "2_475": [1.7829164266586304, 7.844207286834717], "2_92": [2.176781177520752, 4.91453218460083], "2_258": [1.6491336822509766, 5.750296115875244], "2_376": [1.4180244207382202, 7.507346153259277], "2_114": [0.910717785358429, 6.0755205154418945], "2_246": [6.269021987915039, 4.3042683601379395], "2_268": [0.5356342792510986, 6.351722240447998], "2_221": [2.8882641792297363, 7.14697265625], "2_369": [4.65553092956543, 4.733750820159912], "2_103": [4.075056552886963, 7.885370254516602], "2_457": [1.354740023612976, 7.222263336181641], "2_112": [2.232145309448242, 5.939569473266602], "2_174": [1.3302861452102661, 7.610212802886963], "2_490": [1.5495268106460571, 6.940092086791992], "2_430": [4.629795074462891, 7.6891889572143555], "2_434": [3.8582229614257812, 8.054285049438477], "2_541": [1.6966689825057983, 5.007159233093262], "2_392": [3.4887919425964355, 6.696864604949951], "2_187": [2.16300892829895, 6.479557991027832], "2_113": [2.209096670150757, 7.033710479736328], "2_323": [2.869574546813965, 6.968463897705078], "2_137": [3.5594494342803955, 5.5094709396362305], "2_294": [2.2668583393096924, 7.000722408294678], "2_359": [3.156755208969116, 5.4687581062316895], "2_141": [2.6535143852233887, 5.920131683349609], "2_283": [-0.7248658537864685, 6.845268726348877], "2_24": [1.310929536819458, 4.6561970710754395], "2_197": [0.9243889451026917, 6.555286407470703], "2_493": [0.9523836374282837, 7.107976913452148], "2_573": [-0.040066197514534, 5.054502487182617], "2_440": [1.177934169769287, 6.331364631652832], "2_105": [1.6125590801239014, 6.522246837615967], "2_3": [0.7282918691635132, 5.791100025177002], "2_71": [2.4519832134246826, 3.890700578689575], "2_20": [4.942982196807861, 4.358447074890137], "2_463": [4.365041732788086, 4.375534534454346], "2_602": [3.800387144088745, 4.993850231170654], "2_88": [4.284747123718262, 5.881784439086914], "2_172": [3.4927382469177246, 4.619235515594482], "2_86": [4.225316524505615, 5.2337260246276855], "2_154": [4.657876968383789, 5.376094818115234], "2_557": [5.9305524826049805, 1.4927178621292114], "2_163": [4.332540512084961, 4.785981178283691], "2_87": [4.545781135559082, 3.744229316711426], "2_240": [5.440795421600342, 2.507340908050537], "2_267": [4.33705997467041, 5.233251094818115], "2_278": [6.183588981628418, 3.173041820526123], "2_284": [3.0766587257385254, 4.522128105163574], "2_340": [4.182305812835693, 3.4320130348205566], "2_536": [2.855053663253784, 5.180428504943848], "2_588": [4.378293514251709, 6.048811912536621], "2_448": [3.942314386367798, 2.873265027999878], "2_79": [6.430637359619141, 4.208288192749023], "2_191": [4.43477725982666, 3.976525068283081], "2_99": [5.17926025390625, 4.349272727966309], "2_208": [5.899925231933594, 6.124363899230957], "2_119": [6.257680892944336, 1.6441682577133179], "2_406": [5.290271759033203, 3.587751626968384], "2_423": [3.0487582683563232, 4.725264072418213], "2_55": [6.0006585121154785, 2.5852274894714355], "2_77": [5.071765422821045, 5.302920341491699], "2_147": [4.571281433105469, 2.1439125537872314], "2_559": [5.356024742126465, 7.204102516174316], "2_444": [6.228490829467773, 5.1039605140686035], "2_299": [2.2461650371551514, 5.217425346374512], "2_313": [3.851799726486206, 4.481837749481201], "2_125": [4.982192039489746, 4.413773059844971], "2_552": [4.525174140930176, 4.742776870727539], "2_181": [5.34431266784668, 4.950101375579834], "2_107": [4.630134105682373, 4.552056789398193], "2_347": [5.395027160644531, 2.1953864097595215], "2_495": [4.141485691070557, 6.3006205558776855], "2_525": [6.350707530975342, 4.105574131011963], "2_186": [1.3718746900558472, 6.344717979431152], "2_506": [5.1311140060424805, 3.519228458404541], "2_486": [5.057633876800537, 1.9927912950515747], "2_149": [5.362820625305176, 6.354303359985352], "2_150": [4.637923240661621, 4.242011547088623], "2_12": [5.873948574066162, 2.7315473556518555], "2_611": [4.840965747833252, 5.543751239776611], "2_429": [2.776959180831909, 6.401610374450684], "2_127": [6.315277099609375, 5.871656894683838], "2_36": [5.024710655212402, 1.188572645187378], "2_173": [6.4887542724609375, 5.180881500244141], "2_295": [4.900693893432617, 3.77549409866333], "2_356": [6.3308939933776855, 3.338900089263916],