{"2_223": [4.204924583435059, 6.510583877563477], "2_370": [4.247121810913086, 5.0092549324035645], "2_556": [4.66063928604126, 5.409634113311768], "2_484": [4.5814208984375, 6.108728885650635], "2_498": [4.781190872192383, 5.347723007202148], "2_494": [3.4899518489837646, 6.0756330490112305], "2_477": [3.7797443866729736, 5.2026872634887695], "2_35": [5.747689723968506, 2.241373300552368], "2_279": [6.116397380828857, 7.836739540100098], "2_377": [3.05676007270813, 6.29010534286499], "2_595": [5.3936967849731445, 2.6334450244903564], "2_464": [5.585186958312988, 7.1957597732543945], "2_408": [4.284382343292236, 6.814021587371826], "2_574": [4.9595160484313965, 4.795865058898926], "2_409": [5.4568047523498535, 3.0608274936676025], "2_549": [5.269270420074463, 7.350708961486816], "2_598": [4.65233850479126, 4.517755508422852], "2_73": [5.321345806121826, 6.398752212524414], "2_374": [3.6845438480377197, 6.149245738983154], "2_297": [4.139154434204102, 6.645724773406982], "2_286": [2.942124366760254, 5.323550701141357], "2_509": [4.549345016479492, 5.295745372772217], "2_508": [4.721155643463135, 3.919837713241577], "2_472": [3.7271831035614014, 6.011324405670166], "2_227": [5.569703578948975, 7.190711498260498], "2_226": [4.1173319816589355, 6.617163181304932], "2_478": [5.317939281463623, 4.990855693817139], "2_372": [5.689869403839111, 2.2942540645599365], "2_241": [5.397559642791748, 4.906789302825928], "2_109": [2.1054091453552246, 7.255413055419922], "2_389": [3.2205941677093506, 3.2587227821350098], "2_449": [4.733626365661621, 5.692374229431152], "2_50": [5.276072978973389, 4.909139633178711], "2_84": [2.8919999599456787, 6.351062774658203], "2_322": [5.149044513702393, 5.821109294891357], "2_416": [3.3681552410125732, 5.26253604888916], "2_124": [4.769077301025391, 5.677245140075684], "2_206": [2.848358154296875, 6.49601936340332], "2_204": [5.019592761993408, 5.005984306335449], "2_380": [5.036098003387451, 4.591122627258301], "2_622": [3.015958547592163, 6.7140021324157715], "2_583": [3.4014713764190674, 6.316137313842773], "2_456": [3.508319854736328, 5.600034236907959], "2_461": [5.972561836242676, 8.299393653869629], "2_152": [3.876037120819092, 5.3023552894592285], "2_15": [4.783156394958496, 4.963956356048584], "2_421": [5.227117538452148, 3.810990571975708], "2_586": [3.496242046356201, 6.266473293304443], "2_160": [4.5872392654418945, 6.418937683105469], "2_39": [4.664419651031494, 5.312678337097168], "2_66": [3.9956588745117188, 6.311199188232422], "2_310": [4.457428932189941, 5.831404209136963], "2_345": [4.246087551116943, 5.124387741088867], "2_581": [4.075955867767334, 6.153013229370117], "2_518": [4.455600738525391, 6.399877071380615], "2_450": [4.012510299682617, 5.20109224319458], "2_567": [3.635169744491577, 6.529526710510254], "2_115": [4.956691741943359, 6.416028022766113], "2_183": [3.674550771713257, 7.401456832885742], "2_104": [3.1746230125427246, 7.774719715118408], "2_288": [3.4482312202453613, 5.765533447265625], "2_420": [5.342023849487305, 5.741497993469238], "2_49": [5.723039150238037, 3.1119840145111084], "2_433": [5.060302257537842, 6.507441520690918], "2_428": [3.7747910022735596, 4.519250392913818], "2_1": [3.6530234813690186, 6.386257648468018], "2_168": [4.616929531097412, 8.492061614990234], "2_155": [5.117933750152588, 4.113967418670654], "2_2": [6.147059917449951, 7.232522964477539], "2_120": [3.4778246879577637, 7.948195457458496], "2_487": [1.9129592180252075, 7.983119010925293], "2_280": [3.6363601684570312, 5.727619647979736], "2_447": [6.369760990142822, 6.2107648849487305], "2_148": [4.582080364227295, 6.578549861907959], "2_532": [5.137672424316406, 8.760137557983398], "2_443": [4.208978176116943, 6.1242289543151855], "2_475": [3.789911985397339, 6.127973556518555], "2_92": [4.2973856925964355, 6.069869518280029], "2_258": [3.7019829750061035, 6.267153739929199], "2_376": [4.260692596435547, 6.939339637756348], "2_114": [2.760350227355957, 5.665714263916016], "2_246": [6.2717976570129395, 2.5901124477386475], "2_268": [3.426295280456543, 6.69816780090332], "2_221": [4.150357723236084, 6.144565105438232], "2_369": [4.4177680015563965, 5.306872367858887], "2_103": [4.5688652992248535, 6.917577266693115], "2_457": [5.287868022918701, 6.172979354858398], "2_112": [3.6203560829162598, 5.20228385925293], "2_174": [4.8401007652282715, 6.78000545501709], "2_490": [3.361621856689453, 6.2566237449646], "2_430": [5.109347343444824, 9.450115203857422], "2_434": [5.22365665435791, 8.288043975830078], "2_541": [2.4257972240448, 5.155279159545898], "2_392": [3.5870022773742676, 5.991186141967773], "2_187": [4.663786888122559, 5.082454204559326], "2_113": [4.585231304168701, 7.876318454742432], "2_323": [4.265719413757324, 7.29144287109375], "2_137": [4.205496788024902, 5.072937965393066], "2_294": [3.0225136280059814, 7.084024429321289], "2_359": [3.836514711380005, 6.471133232116699], "2_141": [3.8619723320007324, 5.454650402069092], "2_283": [1.4933661222457886, 7.616748332977295], "2_24": [3.236790657043457, 6.093644618988037], "2_197": [2.58457088470459, 5.790922164916992], "2_493": [3.317493438720703, 8.897309303283691], "2_573": [2.213885545730591, 5.55417013168335], "2_440": [3.675879716873169, 5.566598415374756], "2_105": [2.802903413772583, 6.1450910568237305], "2_3": [4.0556206703186035, 6.421270370483398], "2_71": [4.509122371673584, 5.0131354331970215], "2_20": [4.9805588722229, 5.897806644439697], "2_463": [4.800195693969727, 4.650440692901611], "2_602": [5.597862720489502, 5.697234153747559], "2_88": [5.403873920440674, 5.338200569152832], "2_172": [4.259183883666992, 4.8703789710998535], "2_86": [5.230720043182373, 5.726081371307373], "2_154": [4.369410991668701, 5.752035617828369], "2_557": [5.585910320281982, -1.1380378007888794], "2_163": [4.92602014541626, 6.309669494628906], "2_87": [4.902393817901611, 0.8468798398971558], "2_240": [4.984701633453369, 0.762514054775238], "2_267": [5.46306848526001, 4.969241619110107], "2_278": [5.700392723083496, 3.858093023300171], "2_284": [3.205923318862915, 2.5756728649139404], "2_340": [4.346092224121094, 3.527752637863159], "2_536": [4.479696750640869, 5.127493858337402], "2_588": [4.62329626083374, 5.142398357391357], "2_448": [4.01754093170166, 4.327984809875488], "2_79": [6.5130228996276855, 4.536755561828613], "2_191": [5.186081409454346, 4.784722328186035], "2_99": [5.563055038452148, 4.8876800537109375], "2_208": [5.236661911010742, 3.5853264331817627], "2_119": [6.02376651763916, 1.8736095428466797], "2_406": [5.702589511871338, 2.094973564147949], "2_423": [3.499333620071411, 4.586963653564453], "2_55": [6.244056224822998, 2.2388598918914795], "2_77": [3.9597647190093994, 4.611989498138428], "2_147": [4.932546615600586, 1.6425563097000122], "2_559": [6.277798175811768, 6.169500350952148], "2_444": [6.325812816619873, 3.3313632011413574], "2_299": [2.268970489501953, 7.372509002685547], "2_313": [4.222254276275635, 4.26406192779541], "2_125": [4.709589004516602, 2.4502370357513428], "2_552": [5.497939109802246, 5.706106662750244], "2_181": [5.554991722106934, 2.644437551498413], "2_107": [4.813894271850586, 4.030153274536133], "2_347": [5.039830684661865, -0.002496756613254547], "2_495": [3.801018714904785, 6.6998114585876465], "2_525": [6.234568119049072, 5.574746608734131], "2_186": [3.077486038208008, 6.350050449371338], "2_506": [6.457702159881592, 4.222944736480713], "2_486": [4.896779537200928, 0.6787165999412537], "2_149": [4.357611179351807, 5.514814853668213], "2_150": [3.307504892349243, 3.5129642486572266], "2_12": [6.539285659790039, 3.5652506351470947], "2_611": [4.9355669021606445, 6.424178123474121], "2_429": [4.903172016143799, 6.117198944091797], "2_127": [6.11385440826416, 6.394974231719971], "2_36": [5.354763031005859, -0.4220886528491974], "2_173": [6.5767436027526855, 5.309525489807129], "2_295": [4.778413772583008, 5.360748291015625], "2_356": [6.354614734649658, 3.7986347675323486],