{"2_223": [-2.6892411708831787, 7.621477127075195], "2_370": [2.098559617996216, 5.407193660736084], "2_556": [3.0504677295684814, 6.207045555114746], "2_484": [0.6852278709411621, 7.7035627365112305], "2_498": [2.093297004699707, 6.314737796783447], "2_494": [-1.8205318450927734, 7.4088873863220215], "2_477": [-1.402586579322815, 7.207562446594238], "2_35": [6.1150922775268555, 2.715346574783325], "2_279": [-0.4435153305530548, 8.088767051696777], "2_377": [-3.1085541248321533, 6.950767993927002], "2_595": [1.9360743761062622, 6.476712226867676], "2_464": [0.8857885003089905, 7.641106605529785], "2_408": [2.3484740257263184, 7.049006462097168], "2_574": [2.66809344291687, 5.435096740722656], "2_409": [7.126177787780762, -0.7924178838729858], "2_549": [3.101893901824951, 6.191616535186768], "2_598": [4.73530912399292, 4.763175964355469], "2_73": [-0.08206763118505478, 7.7151994705200195], "2_374": [-0.12974293529987335, 6.977087020874023], "2_297": [2.8181238174438477, 6.88138484954834], "2_286": [-3.374124765396118, 7.302609920501709], "2_509": [-1.3282204866409302, 7.725558757781982], "2_508": [1.9448249340057373, 5.115708351135254], "2_472": [-2.369321346282959, 8.33839225769043], "2_227": [1.9682766199111938, 7.208080291748047], "2_226": [-1.7880345582962036, 7.472889423370361], "2_478": [-1.1793782711029053, 7.019132137298584], "2_372": [7.097398281097412, -1.183237075805664], "2_241": [3.9483492374420166, 5.979626655578613], "2_109": [-3.000495672225952, 8.524802207946777], "2_389": [1.6869785785675049, 5.267398834228516], "2_449": [-0.027211014181375504, 7.282889366149902], "2_50": [2.352703094482422, 5.644944667816162], "2_84": [-1.7289910316467285, 7.168755531311035], "2_322": [2.078850507736206, 6.593628406524658], "2_416": [-3.1888327598571777, 7.3070387840271], "2_124": [1.8024098873138428, 6.439679145812988], "2_206": [-2.606149911880493, 8.055902481079102], "2_204": [0.1916898936033249, 7.4297895431518555], "2_380": [-1.154831051826477, 7.171894550323486], "2_622": [-3.7148101329803467, 8.110574722290039], "2_583": [-1.061140775680542, 6.010682582855225], "2_456": [-1.3521149158477783, 6.945382118225098], "2_461": [-0.5941241979598999, 8.025898933410645], "2_152": [0.14951905608177185, 6.589482307434082], "2_15": [-2.5642249584198, 7.710507869720459], "2_421": [2.1503849029541016, 6.803050518035889], "2_586": [-1.7914315462112427, 8.243109703063965], "2_160": [-1.3297489881515503, 8.281440734863281], "2_39": [-0.8746728897094727, 6.802956581115723], "2_66": [-2.622144937515259, 7.865947723388672], "2_310": [-1.5063782930374146, 7.671317100524902], "2_345": [0.7552081942558289, 6.160083293914795], "2_581": [-1.0716447830200195, 7.195699691772461], "2_518": [-0.12336774915456772, 8.079754829406738], "2_450": [-1.3169149160385132, 7.50629186630249], "2_567": [-2.656019687652588, 8.843718528747559], "2_115": [2.923360824584961, 6.686291217803955], "2_183": [-0.6013412475585938, 8.310314178466797], "2_104": [-2.9111783504486084, 7.60816764831543], "2_288": [-2.6829769611358643, 7.457823753356934], "2_420": [1.12601900100708, 6.09566593170166], "2_49": [7.029176712036133, 0.8176800012588501], "2_433": [-1.0883417129516602, 7.536999225616455], "2_428": [1.780871868133545, 5.371707439422607], "2_1": [0.2476160079240799, 6.86814546585083], "2_168": [2.9624009132385254, 7.647627830505371], "2_155": [3.1184420585632324, 5.106902122497559], "2_2": [-0.8426494002342224, 9.438163757324219], "2_120": [-1.3735884428024292, 8.764503479003906], "2_487": [-3.678725004196167, 8.423667907714844], "2_280": [-0.3772912919521332, 6.758013725280762], "2_447": [5.3176374435424805, 6.119540691375732], "2_148": [-1.076551079750061, 8.138574600219727], "2_532": [1.8754347562789917, 7.896015644073486], "2_443": [-1.632076382637024, 8.460600852966309], "2_475": [-2.9226326942443848, 8.025749206542969], "2_92": [0.5689696073532104, 7.1370038986206055], "2_258": [-2.5682413578033447, 7.526063442230225], "2_376": [-2.4952239990234375, 8.339824676513672], "2_114": [-2.798489809036255, 7.687617778778076], "2_246": [6.900493621826172, 4.691945552825928], "2_268": [-1.2665050029754639, 7.929802894592285], "2_221": [-1.0964257717132568, 7.384368896484375], "2_369": [0.5070969462394714, 7.468227863311768], "2_103": [0.27237382531166077, 7.985949993133545], "2_457": [-1.9089596271514893, 7.435579776763916], "2_112": [-2.058210849761963, 6.63815450668335], "2_174": [-3.395385265350342, 8.755406379699707], "2_490": [-1.7847338914871216, 7.819974899291992], "2_430": [1.2852036952972412, 8.071039199829102], "2_434": [-0.00046740708057768643, 8.627052307128906], "2_541": [0.4601486623287201, 5.258761882781982], "2_392": [-1.0014495849609375, 7.2097649574279785], "2_187": [-1.872555136680603, 7.312904357910156], "2_113": [2.117917060852051, 7.402372360229492], "2_323": [-0.10055014491081238, 7.869537830352783], "2_137": [0.15823188424110413, 7.17660665512085], "2_294": [-1.569084644317627, 8.556785583496094], "2_359": [0.02406063862144947, 6.387537479400635], "2_141": [-0.9236155152320862, 7.227264404296875], "2_283": [-3.8773648738861084, 7.962034702301025], "2_24": [-1.2112669944763184, 6.697320938110352], "2_197": [-3.1777102947235107, 6.3351054191589355], "2_493": [-2.662299156188965, 8.915241241455078], "2_573": [-3.6192238330841064, 7.100437164306641], "2_440": [-1.88577401638031, 8.041937828063965], "2_105": [-3.0331923961639404, 7.904847145080566], "2_3": [-1.9608083963394165, 7.967678546905518], "2_71": [3.092982292175293, 5.4642767906188965], "2_20": [1.9916319847106934, 6.809609889984131], "2_463": [5.1879353523254395, 2.3778669834136963], "2_602": [3.0824899673461914, 4.554384231567383], "2_88": [3.633693218231201, 5.92997407913208], "2_172": [1.2542744874954224, 6.044252395629883], "2_86": [1.4553452730178833, 7.014976978302002], "2_154": [3.590625286102295, 6.67520809173584], "2_557": [7.111133098602295, -1.669469952583313], "2_163": [4.745581150054932, 5.307525157928467], "2_87": [4.720115661621094, 3.354979991912842], "2_240": [6.071464538574219, -0.045656975358724594], "2_267": [2.8097405433654785, 5.823111534118652], "2_278": [6.765390396118164, 0.37601691484451294], "2_284": [3.268789768218994, 4.110578536987305], "2_340": [3.467313766479492, 4.164812088012695], "2_536": [0.5339607000350952, 6.529992580413818], "2_588": [4.206347465515137, 6.397738456726074], "2_448": [5.235326290130615, 1.6071218252182007], "2_79": [6.749313831329346, 2.9454874992370605], "2_191": [2.0563836097717285, 5.392746448516846], "2_99": [5.63936185836792, 3.6813464164733887], "2_208": [5.677262306213379, 5.469992160797119], "2_119": [7.274072170257568, -0.0805789977312088], "2_406": [6.073201656341553, 1.1331111192703247], "2_423": [-0.7639058828353882, 6.603551387786865], "2_55": [8.064244270324707, 0.3190910518169403], "2_77": [4.535494804382324, 4.986653804779053], "2_147": [5.179530620574951, -0.22516795992851257], "2_559": [2.64677095413208, 6.677532196044922], "2_444": [6.242712497711182, 5.379104137420654], "2_299": [-0.25087887048721313, 7.024286270141602], "2_313": [-0.373610258102417, 5.513612270355225], "2_125": [6.223505020141602, 2.344667434692383], "2_552": [5.636251449584961, 5.859188079833984], "2_181": [6.152556419372559, 3.2308757305145264], "2_107": [4.237912178039551, 5.759209156036377], "2_347": [5.076993465423584, 0.9954350590705872], "2_495": [2.298715114593506, 6.790840148925781], "2_525": [7.039300441741943, 2.5065207481384277], "2_186": [-2.524610996246338, 8.354551315307617], "2_506": [5.457845687866211, 4.447867393493652], "2_486": [6.362819671630859, 0.028246469795703888], "2_149": [5.431751251220703, 5.586145877838135], "2_150": [4.6667022705078125, 3.907200574874878], "2_12": [7.102975368499756, -0.4665627181529999], "2_611": [1.8113631010055542, 6.001711845397949], "2_429": [2.2519540786743164, 7.1595988273620605], "2_127": [5.877895355224609, 4.19101619720459], "2_36": [6.352057456970215, 0.550722599029541],